CustomerID,gender,SeniorCitizen,Partner,Dependents,tenure,PhoneService,MultipleLines,InternetService,OnlineSecurity,OnlineBackup,DeviceProtection,TechSupport,StreamingTV,StreamingMovies,Contract,PaperlessBilling,PaymentMethod,MonthlyCharges,TotalCharges,Churn
CUST0001,Male,0,Yes,No,72,Yes,Yes,Fiber optic,Yes,Yes,Yes,Yes,No,Yes,Month-to-month,Yes,Electronic check,119.4,8617.01,No
CUST0002,Male,0,Yes,Yes,72,Yes,Yes,DSL,No,Yes,No,No,Yes,Yes,Month-to-month,No,Bank transfer,75.14,5391.6,No
CUST0003,Female,0,Yes,Yes,8,Yes,No,DSL,Yes,Yes,No,Yes,No,No,Month-to-month,No,Electronic check,66.48,489.05,No
CUST0004,Female,0,Yes,No,17,Yes,Yes,DSL,No,No,Yes,Yes,Yes,Yes,One year,No,Electronic check,80,1378.95,Yes
CUST0005,Male,0,Yes,No,13,Yes,No,Fiber optic,No,No,Yes,No,No,Yes,Month-to-month,No,Electronic check,93.85,1227.84,No
CUST0006,Male,0,Yes,Yes,17,Yes,No,DSL,No,No,Yes,No,Yes,Yes,Two year,Yes,Bank transfer,71.09,1226.17,No
CUST0007,Female,0,No,Yes,1,Yes,Yes,Fiber optic,Yes,No,Yes,No,No,No,Month-to-month,Yes,Bank transfer,100.7,121.84,Yes
CUST0008,Male,0,Yes,No,3,Yes,No,DSL,No,No,Yes,Yes,No,Yes,Two year,Yes,Electronic check,66.62,212.09,Yes
CUST0009,Male,0,Yes,No,29,Yes,Yes,Fiber optic,No,No,No,No,Yes,Yes,Month-to-month,No,Bank transfer,98.8,2859.02,No
CUST0010,Male,0,No,No,1,Yes,No,DSL,Yes,No,Yes,No,Yes,Yes,One year,No,Mailed check,79.17,85.1,No
CUST0011,Male,0,No,No,34,Yes,Yes,Fiber optic,Yes,No,No,Yes,Yes,No,Month-to-month,No,Mailed check,94.9,3243.04,Yes
CUST0012,Male,0,Yes,Yes,0,Yes,Yes,DSL,No,Yes,Yes,Yes,No,Yes,Month-to-month,No,Credit card,81.9,7.14,Yes
CUST0013,Male,0,Yes,No,6,Yes,No,DSL,No,No,No,Yes,Yes,Yes,Month-to-month,Yes,Bank transfer,74.58,454.06,No
CUST0014,Male,0,Yes,Yes,53,Yes,Yes,No,No internet service,No internet service,No internet service,No internet service,No internet service,No internet service,Two year,Yes,Electronic check,34.49,1821.42,No
CUST0015,Male,0,Yes,Yes,40,Yes,No,DSL,Yes,Yes,No,No,Yes,Yes,Month-to-month,No,Mailed check,67.92,2708.39,Yes
CUST0016,Female,0,No,No,9,Yes,Yes,Fiber optic,Yes,Yes,No,No,No,No,Month-to-month,No,Electronic check,102.91,892.72,Yes
CUST0017,Male,0,Yes,No,0,Yes,No,Fiber optic,Yes,Yes,Yes,Yes,No,Yes,Month-to-month,No,Mailed check,112.39,0,Yes
CUST0018,Female,0,No,No,72,Yes,Yes,Fiber optic,Yes,No,Yes,Yes,Yes,Yes,One year,Yes,Mailed check,121.96,8762.93,No
CUST0019,Female,0,No,No,18,Yes,No,No,No internet service,No internet service,No internet service,No internet service,No internet service,No internet service,Month-to-month,Yes,Credit card,38.53,711.01,Yes
CUST0020,Male,0,Yes,No,6,Yes,Yes,DSL,No,No,No,No,No,No,One year,Yes,Mailed check,66.1,393.38,Yes
CUST0021,Female,0,Yes,Yes,2,No,No phone service,No,No internet service,No internet service,No internet service,No internet service,No internet service,No internet service,Month-to-month,Yes,Bank transfer,25.22,60.97,No
CUST0022,Male,0,Yes,No,6,Yes,Yes,No,No internet service,No internet service,No internet service,No internet service,No internet service,No internet service,Two year,Yes,Electronic check,30.8,208.61,No
CUST0023,Male,0,Yes,Yes,54,Yes,Yes,Fiber optic,No,Yes,Yes,Yes,Yes,No,One year,No,Bank transfer,114.13,6179.97,Yes
CUST0024,Male,0,No,No,0,Yes,Yes,Fiber optic,No,No,Yes,No,No,No,One year,Yes,Electronic check,92.04,13.13,No
CUST0025,Female,0,Yes,Yes,9,Yes,Yes,Fiber optic,No,Yes,No,Yes,Yes,No,Two year,No,Mailed check,112.11,1046.93,Yes
CUST0026,Female,0,No,No,6,No,No phone service,Fiber optic,Yes,No,Yes,Yes,No,Yes,Two year,Yes,Mailed check,101.05,617.06,No
CUST0027,Female,0,No,No,5,Yes,Yes,DSL,No,Yes,No,No,No,Yes,Month-to-month,Yes,Credit card,67.65,347.9,No
CUST0028,Female,1,Yes,Yes,59,Yes,No,DSL,Yes,No,Yes,No,No,Yes,Two year,Yes,Electronic check,72.37,4268.37,No
CUST0029,Male,1,Yes,No,8,Yes,Yes,No,No internet service,No internet service,No internet service,No internet service,No internet service,No internet service,Month-to-month,No,Mailed check,39.07,287.65,No
CUST0030,Male,0,No,No,2,Yes,No,No,No internet service,No internet service,No internet service,No internet service,No internet service,No internet service,Month-to-month,Yes,Bank transfer,35.29,71.61,No
CUST0031,Male,0,Yes,Yes,29,Yes,No,DSL,No,Yes,Yes,Yes,Yes,No,Two year,Yes,Mailed check,76.52,2224.22,No
CUST0032,Female,0,No,No,38,Yes,Yes,Fiber optic,No,Yes,Yes,No,Yes,No,Two year,Yes,Mailed check,106.42,4059.14,No
CUST0033,Female,0,No,No,0,Yes,No,Fiber optic,Yes,Yes,Yes,Yes,No,No,Month-to-month,No,Electronic check,102.93,1.6,Yes
CUST0034,Female,0,No,No,3,Yes,No,Fiber optic,No,Yes,Yes,No,Yes,No,Month-to-month,Yes,Electronic check,96.35,293.38,Yes
CUST0035,Female,0,No,No,24,Yes,No,No,No internet service,No internet service,No internet service,No internet service,No internet service,No internet service,Month-to-month,No,Electronic check,35.24,833.19,Yes
CUST0036,Female,0,Yes,No,1,Yes,Yes,No,No internet service,No internet service,No internet service,No internet service,No internet service,No internet service,Two year,No,Electronic check,34.14,67.37,Yes
CUST0037,Male,0,No,No,19,Yes,No,Fiber optic,Yes,No,No,Yes,No,No,Month-to-month,No,Bank transfer,105.61,2027.24,Yes
CUST0038,Female,0,No,No,34,Yes,Yes,DSL,Yes,No,No,Yes,No,No,Month-to-month,Yes,Bank transfer,71.81,2478.98,Yes
CUST0039,Female,0,Yes,No,15,Yes,No,Fiber optic,No,No,No,Yes,No,Yes,Month-to-month,Yes,Bank transfer,102.72,1567.27,Yes
CUST0040,Female,0,Yes,Yes,23,Yes,No,No,No internet service,No internet service,No internet service,No internet service,No internet service,No internet service,One year,Yes,Mailed check,28.99,667.99,No
CUST0041,Male,1,Yes,Yes,20,Yes,Yes,Fiber optic,No,Yes,No,No,Yes,No,Month-to-month,No,Credit card,106.43,2130.02,Yes
CUST0042,Male,1,Yes,Yes,56,Yes,Yes,DSL,No,Yes,Yes,No,Yes,Yes,Month-to-month,Yes,Credit card,80.57,4516.07,Yes
CUST0043,Male,1,No,Yes,40,Yes,No,DSL,No,No,No,Yes,No,No,One year,No,Mailed check,64.5,2586.15,No
CUST0044,Female,0,No,No,4,Yes,Yes,No,No internet service,No internet service,No internet service,No internet service,No internet service,No internet service,Two year,No,Credit card,29.06,91.83,No
CUST0045,Male,0,No,No,46,Yes,Yes,Fiber optic,No,No,No,Yes,Yes,Yes,One year,Yes,Credit card,114.53,5268.8,No
CUST0046,Male,1,Yes,Yes,11,Yes,No,No,No internet service,No internet service,No internet service,No internet service,No internet service,No internet service,Month-to-month,No,Bank transfer,31.62,345.22,No
CUST0047,Female,0,No,No,14,Yes,Yes,DSL,Yes,No,No,Yes,No,No,One year,Yes,Bank transfer,76.85,1089.24,No
CUST0048,Female,0,No,No,1,Yes,No,Fiber optic,Yes,No,Yes,No,No,No,Two year,Yes,Credit card,90.87,84.44,Yes
CUST0049,Female,0,No,No,2,Yes,Yes,Fiber optic,No,Yes,Yes,No,Yes,Yes,Month-to-month,No,Mailed check,115.8,249.05,Yes
CUST0050,Female,0,Yes,Yes,72,Yes,No,Fiber optic,No,No,Yes,No,No,No,Two year,No,Bank transfer,86.68,6268.16,Yes
CUST0051,Female,0,No,No,13,No,No phone service,DSL,Yes,No,Yes,Yes,No,Yes,Month-to-month,Yes,Electronic check,64.91,838.06,Yes
CUST0052,Male,0,Yes,Yes,3,Yes,Yes,Fiber optic,Yes,Yes,Yes,No,Yes,Yes,One year,No,Bank transfer,117.46,360.41,Yes
CUST0053,Female,1,Yes,Yes,6,No,No phone service,DSL,Yes,No,Yes,Yes,No,No,Two year,No,Mailed check,61.12,366.97,Yes
CUST0054,Male,0,Yes,Yes,72,Yes,No,Fiber optic,Yes,Yes,No,No,No,Yes,One year,No,Electronic check,110.77,7960.09,No
CUST0055,Female,1,No,Yes,7,No,No phone service,No,No internet service,No internet service,No internet service,No internet service,No internet service,No internet service,Month-to-month,Yes,Credit card,18,141.68,Yes
CUST0056,Female,0,No,No,21,Yes,Yes,No,No internet service,No internet service,No internet service,No internet service,No internet service,No internet service,Two year,No,Mailed check,39.71,871.43,No
CUST0057,Female,0,No,No,4,No,No phone service,No,No internet service,No internet service,No internet service,No internet service,No internet service,No internet service,Two year,No,Credit card,23.71,124.37,No
CUST0058,Female,1,No,No,1,Yes,Yes,Fiber optic,Yes,No,No,Yes,No,No,Two year,No,Electronic check,94.43,121.51,No
CUST0059,Female,1,No,No,15,Yes,Yes,DSL,No,Yes,No,No,No,No,Month-to-month,No,Electronic check,69.3,1045.55,No
CUST0060,Male,1,Yes,Yes,19,Yes,No,No,No internet service,No internet service,No internet service,No internet service,No internet service,No internet service,Two year,No,Mailed check,28.43,508.19,No
CUST0061,Female,1,No,No,6,Yes,No,Fiber optic,Yes,Yes,No,Yes,No,Yes,Month-to-month,No,Bank transfer,106.66,624.99,No
CUST0062,Female,0,No,No,45,Yes,No,Fiber optic,No,No,No,No,No,No,Two year,Yes,Electronic check,79.9,3590.12,Yes
CUST0063,Male,0,No,No,29,Yes,Yes,DSL,Yes,Yes,Yes,No,No,No,Month-to-month,Yes,Mailed check,83.29,2380.24,Yes
CUST0064,Female,0,Yes,No,56,Yes,Yes,Fiber optic,No,Yes,Yes,No,Yes,Yes,One year,No,Mailed check,121.14,6756.24,No
CUST0065,Female,1,Yes,Yes,3,No,No phone service,Fiber optic,No,No,No,No,No,Yes,Month-to-month,Yes,Bank transfer,81.92,245.11,Yes
CUST0066,Female,0,Yes,Yes,24,Yes,No,DSL,No,Yes,Yes,Yes,Yes,No,Month-to-month,Yes,Mailed check,76.83,1825.12,Yes
CUST0067,Male,0,No,No,15,Yes,Yes,DSL,No,No,No,No,No,No,Month-to-month,Yes,Electronic check,58.92,872.62,Yes
CUST0068,Male,0,Yes,No,14,Yes,Yes,Fiber optic,Yes,Yes,Yes,Yes,Yes,Yes,Month-to-month,No,Credit card,122.49,1715.7,No
CUST0069,Female,0,No,Yes,49,No,No phone service,DSL,Yes,Yes,No,No,No,Yes,Month-to-month,Yes,Bank transfer,63.07,3105.58,Yes
CUST0070,Male,0,No,No,15,Yes,Yes,Fiber optic,Yes,Yes,No,Yes,Yes,Yes,Month-to-month,Yes,Bank transfer,122.26,1814.14,No
CUST0071,Female,0,No,No,2,Yes,Yes,Fiber optic,No,No,No,No,No,No,Month-to-month,Yes,Electronic check,89.22,149.99,Yes
CUST0072,Female,0,No,No,9,Yes,No,No,No internet service,No internet service,No internet service,No internet service,No internet service,No internet service,One year,Yes,Electronic check,35.28,330.59,No
CUST0073,Male,0,Yes,No,18,Yes,Yes,Fiber optic,Yes,No,No,No,Yes,No,Month-to-month,No,Electronic check,101.06,1805.71,Yes
CUST0074,Female,0,No,No,10,No,No phone service,Fiber optic,No,No,No,Yes,Yes,No,Month-to-month,No,Credit card,81.75,807.76,Yes
CUST0075,Female,0,No,Yes,54,Yes,Yes,Fiber optic,No,Yes,No,No,No,Yes,Month-to-month,No,Electronic check,104.95,5665.6,No
CUST0076,Female,0,No,No,4,Yes,Yes,No,No internet service,No internet service,No internet service,No internet service,No internet service,No internet service,One year,Yes,Bank transfer,29.65,129.47,No
CUST0077,Female,0,No,No,13,Yes,Yes,DSL,Yes,No,Yes,No,No,No,Month-to-month,Yes,Electronic check,65.38,865.89,No
CUST0078,Male,0,Yes,No,15,Yes,Yes,DSL,No,Yes,Yes,Yes,No,Yes,Month-to-month,Yes,Credit card,79.99,1215.06,No
CUST0079,Female,0,No,No,15,Yes,No,DSL,No,No,Yes,No,Yes,No,Two year,Yes,Mailed check,66.86,990.82,No
CUST0080,Male,0,No,Yes,32,Yes,No,No,No internet service,No internet service,No internet service,No internet service,No internet service,No internet service,Month-to-month,No,Bank transfer,27.03,876.73,Yes
CUST0081,Male,0,No,No,26,Yes,No,Fiber optic,No,Yes,No,No,No,No,Two year,No,Credit card,96.01,2488.1,No
CUST0082,Female,0,Yes,Yes,14,Yes,No,Fiber optic,Yes,No,Yes,No,No,No,Month-to-month,No,Mailed check,96.63,1348.44,Yes
CUST0083,Female,0,Yes,Yes,56,Yes,No,DSL,Yes,No,Yes,No,Yes,Yes,Two year,No,Mailed check,67.61,3809.04,No
CUST0084,Male,0,No,No,18,Yes,No,Fiber optic,No,No,Yes,No,No,No,Month-to-month,No,Electronic check,84.54,1505.38,No
CUST0085,Male,0,Yes,No,20,Yes,Yes,No,No internet service,No internet service,No internet service,No internet service,No internet service,No internet service,Month-to-month,Yes,Credit card,44.43,879.71,Yes
CUST0086,Male,0,Yes,No,30,Yes,Yes,Fiber optic,No,Yes,Yes,No,Yes,No,One year,No,Bank transfer,99.84,3000.82,No
CUST0087,Female,0,Yes,Yes,57,Yes,No,Fiber optic,Yes,Yes,Yes,Yes,No,Yes,Month-to-month,No,Mailed check,110.9,6374.17,No
CUST0088,Male,0,No,No,64,Yes,No,Fiber optic,No,No,Yes,No,No,Yes,Two year,Yes,Credit card,91.05,5836.63,No
CUST0089,Female,0,No,No,32,No,No phone service,No,No internet service,No internet service,No internet service,No internet service,No internet service,No internet service,Month-to-month,No,Bank transfer,32.69,1056.56,No
CUST0090,Female,0,No,No,38,Yes,Yes,DSL,No,No,Yes,Yes,No,No,Month-to-month,No,Bank transfer,77.12,2932.03,Yes
CUST0091,Male,0,No,No,14,Yes,No,Fiber optic,Yes,Yes,No,No,Yes,No,Month-to-month,Yes,Mailed check,99.97,1373.2,Yes
CUST0092,Female,1,Yes,Yes,10,Yes,Yes,Fiber optic,No,No,Yes,No,Yes,Yes,Month-to-month,No,Bank transfer,102.91,1039.43,No
CUST0093,Female,0,Yes,Yes,12,Yes,Yes,No,No internet service,No internet service,No internet service,No internet service,No internet service,No internet service,Month-to-month,No,Bank transfer,34.61,418.31,No
CUST0094,Male,0,No,No,5,Yes,No,DSL,No,No,Yes,No,Yes,Yes,Month-to-month,Yes,Credit card,66.44,334.33,No
CUST0095,Female,0,Yes,No,17,Yes,Yes,Fiber optic,No,Yes,No,No,No,No,One year,No,Electronic check,96.29,1629.5,No
CUST0096,Male,1,No,No,7,Yes,Yes,Fiber optic,No,Yes,Yes,No,No,No,Month-to-month,Yes,Mailed check,105.43,722.56,No
CUST0097,Male,0,Yes,No,6,Yes,No,Fiber optic,Yes,Yes,Yes,Yes,No,No,Month-to-month,No,Credit card,105.49,630.33,Yes
CUST0098,Male,0,No,No,2,Yes,Yes,Fiber optic,No,No,No,Yes,No,Yes,Two year,No,Credit card,101.2,225.59,No
CUST0099,Male,0,No,No,54,Yes,Yes,DSL,No,No,Yes,No,No,Yes,Month-to-month,Yes,Credit card,64.65,3526.39,No
CUST0100,Male,0,Yes,Yes,10,Yes,Yes,Fiber optic,No,Yes,Yes,Yes,Yes,Yes,One year,Yes,Mailed check,121.78,1189.54,No
CUST0101,Female,0,Yes,Yes,13,Yes,No,No,No internet service,No internet service,No internet service,No internet service,No internet service,No internet service,One year,Yes,Mailed check,34.86,452.56,No
CUST0102,Female,0,Yes,Yes,0,Yes,Yes,Fiber optic,Yes,Yes,No,Yes,No,Yes,One year,Yes,Bank transfer,109.89,0,No
CUST0103,Male,1,Yes,No,17,Yes,Yes,DSL,Yes,No,No,No,Yes,No,Month-to-month,Yes,Electronic check,64.85,1113.49,Yes
CUST0104,Female,0,No,No,5,Yes,Yes,DSL,Yes,No,No,No,Yes,No,Two year,No,Electronic check,74.28,391.05,No
CUST0105,Male,0,No,Yes,58,Yes,Yes,Fiber optic,Yes,Yes,No,No,No,No,Month-to-month,No,Credit card,101.26,5877.05,No
CUST0106,Male,0,Yes,Yes,11,Yes,No,Fiber optic,No,Yes,No,No,No,No,One year,No,Electronic check,92.87,986.5,No
CUST0107,Female,0,No,No,31,Yes,No,DSL,No,No,Yes,No,Yes,Yes,Month-to-month,Yes,Electronic check,67.12,2083.16,Yes
CUST0108,Female,0,Yes,No,9,Yes,Yes,DSL,Yes,No,Yes,No,No,No,Month-to-month,Yes,Bank transfer,72.83,690.89,No
CUST0109,Female,0,No,No,41,Yes,Yes,Fiber optic,Yes,Yes,No,Yes,Yes,No,Month-to-month,No,Electronic check,104.19,4294.67,Yes
CUST0110,Female,1,Yes,No,3,No,No phone service,Fiber optic,Yes,No,Yes,Yes,No,No,Month-to-month,No,Bank transfer,95.32,288.35,No
CUST0111,Male,0,Yes,Yes,25,Yes,No,No,No internet service,No internet service,No internet service,No internet service,No internet service,No internet service,Month-to-month,Yes,Mailed check,22.37,558.09,No
CUST0112,Male,1,Yes,Yes,0,Yes,No,No,No internet service,No internet service,No internet service,No internet service,No internet service,No internet service,Month-to-month,No,Credit card,34.09,2.68,Yes
CUST0113,Female,0,Yes,No,8,No,No phone service,No,No internet service,No internet service,No internet service,No internet service,No internet service,No internet service,Two year,No,Bank transfer,25.65,203.59,No
CUST0114,Male,0,Yes,Yes,42,Yes,Yes,Fiber optic,Yes,Yes,No,No,No,No,Month-to-month,No,Credit card,97.79,4132.74,No
CUST0115,Female,0,Yes,Yes,9,Yes,No,No,No internet service,No internet service,No internet service,No internet service,No internet service,No internet service,Month-to-month,No,Electronic check,34.34,314.72,No
CUST0116,Female,0,No,Yes,48,Yes,No,No,No internet service,No internet service,No internet service,No internet service,No internet service,No internet service,Month-to-month,Yes,Mailed check,27.41,1343.87,No
CUST0117,Female,0,Yes,Yes,49,No,No phone service,Fiber optic,Yes,No,Yes,Yes,No,No,Month-to-month,No,Electronic check,97.9,4786.64,Yes
CUST0118,Male,0,No,No,8,Yes,No,DSL,Yes,Yes,No,Yes,No,Yes,Month-to-month,No,Electronic check,65.33,498.49,No
CUST0119,Female,0,Yes,No,71,Yes,Yes,DSL,No,No,No,No,No,Yes,Month-to-month,No,Electronic check,79.55,5634.77,Yes
CUST0120,Female,1,Yes,No,6,No,No phone service,Fiber optic,No,Yes,No,Yes,Yes,No,One year,No,Electronic check,82.15,494.38,Yes
CUST0121,Female,0,No,Yes,36,Yes,No,DSL,Yes,No,Yes,Yes,Yes,Yes,Two year,No,Bank transfer,87.1,3124.19,No
CUST0122,Male,0,Yes,Yes,40,Yes,Yes,DSL,No,Yes,Yes,Yes,Yes,Yes,Month-to-month,No,Credit card,95.74,3865.52,Yes
CUST0123,Female,1,No,No,3,Yes,No,No,No internet service,No internet service,No internet service,No internet service,No internet service,No internet service,Two year,Yes,Credit card,32.72,119.83,No
CUST0124,Male,0,No,No,11,Yes,No,Fiber optic,No,No,Yes,No,Yes,No,Month-to-month,No,Credit card,92.41,1020.99,No
CUST0125,Male,0,Yes,No,15,Yes,No,No,No internet service,No internet service,No internet service,No internet service,No internet service,No internet service,Month-to-month,Yes,Electronic check,33.41,538.08,Yes
CUST0126,Female,1,No,No,25,Yes,Yes,No,No internet service,No internet service,No internet service,No internet service,No internet service,No internet service,One year,No,Mailed check,40.51,1029.9,No
CUST0127,Female,0,No,No,4,Yes,Yes,No,No internet service,No internet service,No internet service,No internet service,No internet service,No internet service,Month-to-month,Yes,Credit card,37.16,151.57,Yes
CUST0128,Male,0,No,Yes,40,Yes,Yes,Fiber optic,Yes,Yes,Yes,No,No,Yes,Month-to-month,No,Bank transfer,117.09,4653.81,No
CUST0129,Female,0,No,No,24,Yes,No,Fiber optic,No,Yes,No,Yes,No,Yes,Month-to-month,No,Bank transfer,101.25,2461.55,No
CUST0130,Female,0,Yes,No,24,No,No phone service,DSL,Yes,Yes,No,No,No,Yes,Two year,Yes,Bank transfer,57.77,1390.36,No
CUST0131,Female,0,No,Yes,20,Yes,Yes,Fiber optic,Yes,No,No,Yes,No,No,Month-to-month,Yes,Mailed check,104.84,2086.28,Yes
CUST0132,Female,0,No,No,16,Yes,Yes,Fiber optic,Yes,Yes,Yes,Yes,No,Yes,Month-to-month,Yes,Bank transfer,110.76,1728.18,Yes
CUST0133,Male,0,No,No,5,Yes,Yes,Fiber optic,Yes,Yes,Yes,No,Yes,No,One year,No,Mailed check,111.89,536.51,No
CUST0134,Female,0,No,No,12,Yes,No,No,No internet service,No internet service,No internet service,No internet service,No internet service,No internet service,Month-to-month,Yes,Mailed check,28.79,352.52,Yes
CUST0135,Female,0,No,No,11,Yes,Yes,Fiber optic,No,No,No,No,No,No,Two year,Yes,Mailed check,94.35,1033.25,No
CUST0136,Male,0,No,No,34,Yes,Yes,DSL,No,No,Yes,Yes,No,Yes,Month-to-month,Yes,Bank transfer,78.98,2699.5,No
CUST0137,Female,0,Yes,No,2,Yes,Yes,Fiber optic,Yes,No,No,Yes,No,Yes,Month-to-month,No,Bank transfer,107.8,186.98,Yes
CUST0138,Male,0,No,No,38,Yes,Yes,Fiber optic,No,Yes,Yes,No,Yes,No,Month-to-month,Yes,Mailed check,107.13,4057.18,Yes
CUST0139,Male,0,No,No,28,Yes,No,Fiber optic,Yes,No,No,Yes,Yes,Yes,Month-to-month,No,Mailed check,100.17,2803.81,Yes
CUST0140,Male,1,No,Yes,16,Yes,Yes,Fiber optic,No,Yes,No,Yes,Yes,Yes,One year,No,Credit card,108.62,1738.67,No
CUST0141,Male,0,Yes,No,1,Yes,Yes,DSL,Yes,Yes,No,No,Yes,No,One year,Yes,Credit card,82.94,95.41,Yes
CUST0142,Male,0,Yes,No,2,Yes,Yes,Fiber optic,Yes,No,No,Yes,No,No,Month-to-month,No,Electronic check,112.06,231.28,No
CUST0143,Female,0,Yes,No,38,Yes,Yes,No,No internet service,No internet service,No internet service,No internet service,No internet service,No internet service,Month-to-month,Yes,Bank transfer,38.57,1484.66,No
CUST0144,Male,0,Yes,No,24,Yes,No,Fiber optic,Yes,No,No,Yes,Yes,Yes,Month-to-month,No,Electronic check,99.84,2385.57,No
CUST0145,Female,0,Yes,Yes,16,Yes,Yes,Fiber optic,Yes,No,No,No,No,No,Month-to-month,Yes,Mailed check,92.36,1489.05,No
CUST0146,Female,0,No,Yes,7,Yes,Yes,No,No internet service,No internet service,No internet service,No internet service,No internet service,No internet service,One year,No,Bank transfer,35.58,280.54,No
CUST0147,Male,0,No,No,0,Yes,No,Fiber optic,No,No,No,No,Yes,No,Month-to-month,No,Bank transfer,89.47,35.62,No
CUST0148,Female,1,Yes,No,13,Yes,Yes,Fiber optic,No,Yes,No,No,Yes,Yes,Two year,No,Bank transfer,110.66,1413.5,No
CUST0149,Female,0,No,Yes,30,No,No phone service,DSL,No,Yes,No,No,No,Yes,Month-to-month,No,Credit card,54.87,1669.55,Yes
CUST0150,Female,1,Yes,Yes,14,Yes,No,Fiber optic,No,Yes,Yes,Yes,No,Yes,One year,Yes,Electronic check,103.19,1422.27,No
CUST0151,Male,0,No,No,9,Yes,No,DSL,No,Yes,Yes,No,No,No,Two year,No,Electronic check,57.22,509.53,Yes
CUST0152,Male,0,No,No,9,Yes,No,Fiber optic,No,No,Yes,Yes,Yes,Yes,Month-to-month,No,Credit card,112.5,1029.5,Yes
CUST0153,Male,0,No,Yes,31,Yes,No,Fiber optic,No,Yes,No,No,Yes,Yes,Two year,Yes,Electronic check,101.81,3182.08,No
CUST0154,Female,0,Yes,No,2,Yes,Yes,DSL,No,No,Yes,No,No,Yes,Month-to-month,Yes,Bank transfer,72.35,124,No
CUST0155,Male,0,Yes,Yes,16,Yes,Yes,DSL,Yes,No,Yes,No,No,No,Two year,Yes,Electronic check,73.7,1188.25,No
CUST0156,Male,0,No,No,16,Yes,No,DSL,No,No,No,Yes,Yes,No,Month-to-month,Yes,Credit card,70.54,1107.84,Yes
CUST0157,Female,0,No,No,2,Yes,Yes,Fiber optic,Yes,Yes,No,Yes,Yes,Yes,Two year,No,Mailed check,120.74,223.14,No
CUST0158,Male,1,No,No,16,Yes,Yes,No,No internet service,No internet service,No internet service,No internet service,No internet service,No internet service,One year,No,Bank transfer,43.53,720.22,No
CUST0159,Male,0,No,No,25,Yes,Yes,Fiber optic,No,Yes,No,Yes,Yes,Yes,Two year,Yes,Bank transfer,118.03,2945.7,No
CUST0160,Male,0,Yes,Yes,32,Yes,Yes,Fiber optic,No,Yes,No,Yes,No,No,Month-to-month,No,Credit card,108.23,3474.76,No
CUST0161,Male,0,No,No,40,Yes,No,Fiber optic,No,Yes,Yes,Yes,No,No,Month-to-month,No,Credit card,94.52,3752,Yes
CUST0162,Male,0,No,No,14,Yes,Yes,Fiber optic,No,No,No,No,Yes,No,Month-to-month,Yes,Bank transfer,98.85,1369.9,No
CUST0163,Male,0,No,No,11,Yes,Yes,Fiber optic,No,No,Yes,Yes,Yes,Yes,Month-to-month,No,Credit card,106.05,1133.64,No
CUST0164,Female,0,Yes,Yes,22,Yes,No,No,No internet service,No internet service,No internet service,No internet service,No internet service,No internet service,One year,No,Mailed check,33.79,749,No
CUST0165,Male,1,No,Yes,65,Yes,No,DSL,No,No,No,Yes,Yes,No,Month-to-month,No,Mailed check,60.65,3922.56,Yes
CUST0166,Male,0,No,No,8,Yes,Yes,Fiber optic,Yes,No,No,No,No,Yes,Month-to-month,Yes,Credit card,98.09,780.23,Yes
CUST0167,Male,0,No,Yes,17,Yes,No,DSL,No,No,Yes,No,Yes,Yes,One year,No,Bank transfer,76.99,1307.33,No
CUST0168,Male,0,No,No,72,Yes,No,No,No internet service,No internet service,No internet service,No internet service,No internet service,No internet service,Two year,No,Electronic check,26.49,1894.02,No
CUST0169,Male,0,Yes,No,43,No,No phone service,Fiber optic,No,No,No,Yes,Yes,No,Month-to-month,Yes,Electronic check,81.41,3518.53,No
CUST0170,Male,0,Yes,No,26,Yes,No,Fiber optic,No,Yes,Yes,No,No,Yes,Month-to-month,No,Bank transfer,94.06,2451.76,No
CUST0171,Female,1,No,No,2,Yes,No,Fiber optic,No,Yes,No,No,Yes,No,One year,No,Electronic check,87.32,180,Yes
CUST0172,Female,0,No,No,72,Yes,Yes,Fiber optic,Yes,No,Yes,No,Yes,Yes,Month-to-month,Yes,Electronic check,121.39,8729.01,No
CUST0173,Male,1,Yes,No,3,Yes,No,Fiber optic,No,Yes,No,Yes,No,No,One year,Yes,Mailed check,93.1,275.23,Yes
CUST0174,Male,1,No,Yes,9,Yes,No,Fiber optic,No,No,Yes,No,No,No,Month-to-month,No,Credit card,86.2,776.47,No
CUST0175,Male,0,Yes,No,18,Yes,No,Fiber optic,Yes,No,No,Yes,No,No,Month-to-month,No,Bank transfer,89.14,1579.85,No
CUST0176,Female,1,No,No,19,Yes,Yes,Fiber optic,No,No,No,Yes,No,Yes,Month-to-month,No,Electronic check,105.79,2011.53,Yes
CUST0177,Female,0,No,No,18,Yes,No,Fiber optic,No,Yes,Yes,No,No,Yes,One year,Yes,Mailed check,106.57,1893.97,No
CUST0178,Male,1,Yes,Yes,6,Yes,Yes,DSL,Yes,Yes,No,No,No,Yes,Two year,Yes,Electronic check,78.36,485.76,No
CUST0179,Male,0,No,No,2,Yes,No,DSL,No,Yes,No,No,No,Yes,Two year,Yes,Mailed check,68.54,156.21,Yes
CUST0180,Male,0,Yes,No,7,Yes,Yes,DSL,Yes,No,No,Yes,No,Yes,Two year,Yes,Bank transfer,68.82,491.9,No
CUST0181,Male,0,No,No,17,No,No phone service,Fiber optic,No,No,No,Yes,No,No,Two year,Yes,Electronic check,78.08,1336.64,No
CUST0182,Female,0,Yes,No,40,Yes,No,No,No internet service,No internet service,No internet service,No internet service,No internet service,No internet service,Two year,Yes,Electronic check,32.84,1325.59,No
CUST0183,Female,0,No,No,4,Yes,Yes,DSL,Yes,No,No,No,Yes,No,Two year,Yes,Mailed check,78.43,323.21,Yes
CUST0184,Male,1,No,No,16,Yes,No,Fiber optic,Yes,Yes,No,No,Yes,No,Month-to-month,No,Bank transfer,87.37,1399.2,Yes
CUST0185,Female,0,Yes,No,1,Yes,No,DSL,Yes,Yes,Yes,No,No,Yes,Two year,No,Bank transfer,77.54,78.62,No
CUST0186,Male,0,No,No,13,Yes,No,Fiber optic,Yes,Yes,Yes,No,Yes,No,Month-to-month,No,Credit card,112.65,1488.83,Yes
CUST0187,Female,0,Yes,Yes,36,Yes,Yes,DSL,No,No,Yes,Yes,Yes,Yes,Two year,Yes,Mailed check,83.74,3007.9,No
CUST0188,Female,0,No,Yes,3,Yes,Yes,DSL,Yes,No,Yes,No,Yes,No,One year,Yes,Credit card,78.08,219.67,No
CUST0189,Female,0,Yes,No,22,Yes,No,Fiber optic,Yes,No,No,Yes,Yes,Yes,Month-to-month,Yes,Credit card,99.78,2190.98,No
CUST0190,Female,0,Yes,Yes,5,Yes,Yes,Fiber optic,No,Yes,No,No,Yes,Yes,Two year,No,Bank transfer,112.39,577.19,Yes
CUST0191,Female,0,No,No,0,Yes,No,Fiber optic,No,Yes,Yes,No,Yes,Yes,Month-to-month,No,Mailed check,97.61,3.67,Yes
CUST0192,Male,0,Yes,Yes,72,Yes,No,No,No internet service,No internet service,No internet service,No internet service,No internet service,No internet service,Month-to-month,No,Credit card,30.6,2183.74,No
CUST0193,Female,1,Yes,Yes,2,Yes,No,DSL,No,Yes,No,Yes,Yes,Yes,Month-to-month,No,Electronic check,74.14,182.51,Yes
CUST0194,Male,0,Yes,Yes,14,Yes,Yes,No,No internet service,No internet service,No internet service,No internet service,No internet service,No internet service,Two year,Yes,Credit card,34.65,505.9,No
CUST0195,Male,0,Yes,Yes,7,Yes,No,DSL,No,Yes,Yes,Yes,Yes,No,Two year,Yes,Bank transfer,85.79,588.42,No
CUST0196,Female,1,Yes,No,24,Yes,Yes,DSL,Yes,No,No,No,Yes,Yes,Month-to-month,No,Credit card,80.3,1913.65,No
CUST0197,Male,0,No,Yes,2,Yes,No,DSL,No,No,No,Yes,No,No,Month-to-month,Yes,Credit card,55.99,137.96,Yes
CUST0198,Male,0,Yes,No,35,Yes,Yes,DSL,No,Yes,No,No,Yes,No,Month-to-month,Yes,Bank transfer,74.41,2590.19,No
CUST0199,Male,0,No,Yes,2,No,No phone service,DSL,Yes,No,No,Yes,Yes,Yes,One year,No,Credit card,57.89,145.81,Yes
CUST0200,Male,0,Yes,Yes,22,Yes,Yes,Fiber optic,No,Yes,No,No,Yes,Yes,Month-to-month,Yes,Electronic check,104.78,2323.72,No
CUST0201,Female,0,Yes,Yes,20,Yes,No,No,No internet service,No internet service,No internet service,No internet service,No internet service,No internet service,One year,Yes,Bank transfer,28.18,546.82,No
CUST0202,Female,0,No,No,13,Yes,No,Fiber optic,No,No,No,No,No,No,Two year,Yes,Credit card,82.58,1066.91,Yes
CUST0203,Female,1,Yes,No,24,Yes,No,No,No internet service,No internet service,No internet service,No internet service,No internet service,No internet service,Two year,No,Electronic check,34.19,804.29,No
CUST0204,Male,1,Yes,Yes,31,Yes,No,Fiber optic,No,No,Yes,Yes,No,Yes,Month-to-month,No,Mailed check,101.63,3151.14,No
CUST0205,Female,0,No,Yes,3,Yes,No,No,No internet service,No internet service,No internet service,No internet service,No internet service,No internet service,Month-to-month,No,Credit card,36.19,109,No
CUST0206,Female,0,Yes,No,21,Yes,Yes,DSL,Yes,No,Yes,Yes,Yes,Yes,One year,Yes,Electronic check,91.77,1934.79,No
CUST0207,Female,0,Yes,Yes,4,Yes,Yes,DSL,Yes,Yes,Yes,No,No,Yes,Month-to-month,No,Credit card,81.95,310.79,No
CUST0208,Male,0,Yes,No,19,Yes,Yes,Fiber optic,Yes,No,No,Yes,No,Yes,Month-to-month,Yes,Electronic check,113.98,2153.42,No
CUST0209,Male,0,Yes,Yes,34,Yes,No,Fiber optic,No,No,No,Yes,No,No,Month-to-month,No,Mailed check,89.4,3047.99,Yes
CUST0210,Male,0,No,No,50,No,No phone service,Fiber optic,Yes,Yes,Yes,No,No,No,Month-to-month,No,Electronic check,92.95,4654.27,Yes
CUST0211,Male,0,Yes,Yes,12,Yes,No,DSL,No,No,Yes,Yes,Yes,Yes,One year,No,Bank transfer,80.83,958.5,Yes
CUST0212,Male,0,Yes,No,15,Yes,Yes,DSL,Yes,No,Yes,Yes,Yes,No,One year,Yes,Bank transfer,92.31,1422.38,No
CUST0213,Male,0,Yes,No,39,Yes,No,No,No internet service,No internet service,No internet service,No internet service,No internet service,No internet service,Month-to-month,No,Mailed check,35.58,1374.63,No
CUST0214,Male,0,No,No,13,Yes,Yes,DSL,Yes,No,Yes,Yes,No,No,Month-to-month,No,Electronic check,77.59,1006.24,No
CUST0215,Female,0,No,No,64,Yes,No,Fiber optic,Yes,No,No,No,Yes,No,One year,Yes,Bank transfer,93.25,5973.23,No
CUST0216,Male,0,Yes,Yes,11,Yes,No,Fiber optic,Yes,No,Yes,No,No,No,Month-to-month,Yes,Electronic check,87.95,943.96,Yes
CUST0217,Male,0,No,No,7,Yes,No,DSL,No,No,Yes,Yes,Yes,Yes,Two year,No,Credit card,72.67,476.8,No
CUST0218,Female,1,Yes,Yes,4,Yes,Yes,Fiber optic,No,Yes,No,No,Yes,No,Month-to-month,No,Credit card,102.86,446.89,Yes
CUST0219,Male,0,Yes,Yes,34,Yes,No,Fiber optic,Yes,Yes,No,No,No,No,Month-to-month,Yes,Electronic check,98.83,3384.76,No
CUST0220,Male,0,No,Yes,7,Yes,No,DSL,No,No,No,Yes,No,No,Two year,Yes,Credit card,55.8,372.14,No
CUST0221,Male,0,No,No,1,Yes,Yes,DSL,Yes,No,Yes,No,No,No,Month-to-month,No,Credit card,60.88,78.56,Yes
CUST0222,Female,1,No,Yes,26,No,No phone service,Fiber optic,Yes,No,No,Yes,No,No,Two year,Yes,Credit card,84.45,2183.62,No
CUST0223,Female,0,No,No,7,Yes,No,DSL,Yes,No,No,No,No,No,One year,Yes,Mailed check,62.33,435.6,No
CUST0224,Male,0,Yes,No,2,Yes,Yes,DSL,No,No,Yes,No,No,Yes,Month-to-month,No,Mailed check,74,170.97,Yes
CUST0225,Female,0,Yes,No,47,Yes,No,DSL,Yes,No,No,No,No,Yes,One year,No,Electronic check,60.86,2862.14,No
CUST0226,Male,0,Yes,No,4,No,No phone service,No,No internet service,No internet service,No internet service,No internet service,No internet service,No internet service,One year,Yes,Electronic check,18,51.81,No
CUST0227,Female,0,No,Yes,17,Yes,No,Fiber optic,Yes,Yes,Yes,No,Yes,Yes,Month-to-month,No,Bank transfer,106.86,1828.67,Yes
CUST0228,Female,0,No,No,33,Yes,Yes,DSL,No,Yes,No,Yes,No,No,Two year,Yes,Electronic check,71.54,2329.56,No
CUST0229,Male,0,No,Yes,1,Yes,No,No,No internet service,No internet service,No internet service,No internet service,No internet service,No internet service,Month-to-month,No,Credit card,25.13,25.02,No
CUST0230,Male,0,No,No,35,No,No phone service,DSL,No,No,Yes,No,No,No,Month-to-month,Yes,Bank transfer,54.6,1897.64,No
CUST0231,Male,0,Yes,Yes,38,Yes,No,No,No internet service,No internet service,No internet service,No internet service,No internet service,No internet service,Month-to-month,Yes,Mailed check,32.42,1215.03,No
CUST0232,Male,0,Yes,Yes,46,No,No phone service,DSL,No,No,No,Yes,No,Yes,Two year,Yes,Credit card,53.33,2445.11,No
CUST0233,Female,1,Yes,Yes,25,Yes,No,Fiber optic,No,No,Yes,Yes,Yes,No,One year,Yes,Electronic check,100.12,2531.24,No
CUST0234,Male,0,No,No,26,Yes,No,DSL,Yes,No,Yes,No,No,No,Two year,No,Credit card,59.05,1530.19,Yes
CUST0235,Male,0,No,No,30,Yes,No,DSL,No,Yes,No,Yes,Yes,No,One year,Yes,Mailed check,71.69,2144.79,No
CUST0236,Female,0,Yes,Yes,29,Yes,No,Fiber optic,Yes,No,No,Yes,No,No,Two year,Yes,Credit card,84.39,2435.15,No
CUST0237,Male,0,Yes,No,9,Yes,No,Fiber optic,Yes,Yes,No,No,Yes,No,Two year,Yes,Credit card,98.81,881.95,Yes
CUST0238,Male,0,Yes,No,14,Yes,No,Fiber optic,No,No,No,No,No,Yes,One year,Yes,Electronic check,94.99,1321.23,No
CUST0239,Male,1,No,No,3,Yes,Yes,DSL,No,Yes,No,Yes,No,No,One year,Yes,Electronic check,70.99,223.46,No
CUST0240,Female,0,No,No,28,Yes,Yes,DSL,No,Yes,No,Yes,Yes,No,Month-to-month,Yes,Credit card,80.57,2259.55,No
CUST0241,Female,0,No,No,26,Yes,Yes,No,No internet service,No internet service,No internet service,No internet service,No internet service,No internet service,One year,No,Electronic check,33.17,865.42,No
CUST0242,Male,0,Yes,No,47,Yes,No,Fiber optic,Yes,Yes,Yes,Yes,Yes,No,Two year,No,Mailed check,109.06,5106.97,Yes
CUST0243,Female,0,No,No,7,Yes,No,DSL,No,Yes,Yes,No,Yes,No,Two year,Yes,Mailed check,73.69,528.14,Yes
CUST0244,Male,1,Yes,No,31,Yes,Yes,No,No internet service,No internet service,No internet service,No internet service,No internet service,No internet service,Month-to-month,No,Credit card,39.84,1271.8,Yes
CUST0245,Male,0,No,Yes,15,Yes,No,Fiber optic,No,No,Yes,Yes,No,No,Month-to-month,No,Credit card,100.25,1486.47,Yes
CUST0246,Female,1,No,No,26,Yes,Yes,No,No internet service,No internet service,No internet service,No internet service,No internet service,No internet service,Month-to-month,Yes,Credit card,37.48,971.1,No
CUST0247,Female,0,Yes,No,20,No,No phone service,No,No internet service,No internet service,No internet service,No internet service,No internet service,No internet service,Month-to-month,Yes,Credit card,18,364.77,Yes
CUST0248,Male,1,No,No,42,Yes,No,Fiber optic,No,No,No,Yes,No,No,Month-to-month,Yes,Electronic check,80.95,3386.14,Yes
CUST0249,Male,0,No,No,53,Yes,Yes,Fiber optic,Yes,Yes,No,No,Yes,No,One year,Yes,Mailed check,116.2,6173.44,Yes
CUST0250,Female,0,Yes,No,2,Yes,Yes,Fiber optic,No,No,Yes,No,Yes,Yes,One year,No,Bank transfer,108.62,228.27,No
CUST0251,Male,0,No,No,1,Yes,Yes,Fiber optic,Yes,Yes,Yes,No,Yes,Yes,Month-to-month,Yes,Credit card,116.9,75.54,Yes
CUST0252,Male,0,Yes,No,7,Yes,Yes,Fiber optic,No,Yes,No,Yes,Yes,No,Month-to-month,Yes,Electronic check,113.42,782.39,No
CUST0253,Male,0,No,No,64,Yes,No,DSL,No,Yes,No,Yes,Yes,Yes,One year,Yes,Mailed check,73.4,4681.68,No
CUST0254,Female,1,No,No,29,No,No phone service,DSL,Yes,Yes,No,No,Yes,Yes,Month-to-month,Yes,Mailed check,58.11,1648.03,Yes
CUST0255,Male,1,No,No,22,Yes,No,No,No internet service,No internet service,No internet service,No internet service,No internet service,No internet service,Two year,No,Bank transfer,27.58,609.7,No
CUST0256,Male,0,Yes,No,22,Yes,Yes,DSL,Yes,No,Yes,No,Yes,Yes,Month-to-month,No,Bank transfer,72.24,1574.9,Yes
CUST0257,Male,0,Yes,No,33,Yes,No,DSL,Yes,Yes,No,Yes,Yes,No,Month-to-month,No,Mailed check,75.84,2511.56,No
CUST0258,Female,0,No,No,0,Yes,No,No,No internet service,No internet service,No internet service,No internet service,No internet service,No internet service,One year,Yes,Credit card,31.91,12.73,Yes
CUST0259,Male,1,Yes,Yes,1,Yes,Yes,DSL,No,Yes,Yes,Yes,No,No,Month-to-month,No,Credit card,69.51,56.6,Yes
CUST0260,Female,0,Yes,Yes,1,Yes,No,Fiber optic,Yes,No,Yes,Yes,Yes,No,Month-to-month,No,Electronic check,109.28,135.03,No
CUST0261,Female,0,No,No,26,Yes,Yes,DSL,Yes,Yes,Yes,No,Yes,No,One year,Yes,Bank transfer,89.96,2333.96,No
CUST0262,Male,1,Yes,Yes,59,Yes,Yes,DSL,Yes,Yes,No,No,No,Yes,One year,No,Mailed check,84.52,4953.43,No
CUST0263,Female,0,Yes,Yes,11,Yes,No,Fiber optic,No,No,Yes,No,Yes,No,Month-to-month,No,Bank transfer,93.46,1043.65,Yes
CUST0264,Male,0,No,No,24,Yes,Yes,DSL,No,Yes,No,Yes,Yes,Yes,Month-to-month,Yes,Electronic check,88.55,2101.53,No
CUST0265,Male,0,Yes,Yes,5,No,No phone service,Fiber optic,No,No,No,Yes,Yes,Yes,One year,No,Mailed check,89.77,425.92,Yes
CUST0266,Female,0,Yes,No,72,Yes,No,DSL,No,Yes,No,Yes,Yes,Yes,Month-to-month,Yes,Electronic check,69.51,4997.48,Yes
CUST0267,Female,0,Yes,No,14,Yes,No,No,No internet service,No internet service,No internet service,No internet service,No internet service,No internet service,Month-to-month,No,Bank transfer,29.53,418,No
CUST0268,Male,0,No,No,72,Yes,Yes,No,No internet service,No internet service,No internet service,No internet service,No internet service,No internet service,Month-to-month,No,Mailed check,30.15,2148.26,No
CUST0269,Female,0,No,No,18,Yes,Yes,No,No internet service,No internet service,No internet service,No internet service,No internet service,No internet service,Month-to-month,No,Bank transfer,32.68,570.77,Yes
CUST0270,Female,0,Yes,Yes,10,Yes,Yes,No,No internet service,No internet service,No internet service,No internet service,No internet service,No internet service,One year,Yes,Credit card,42.81,391.61,No
CUST0271,Male,0,Yes,No,23,Yes,Yes,Fiber optic,No,Yes,No,No,Yes,Yes,Two year,Yes,Credit card,109.46,2535.57,No
CUST0272,Female,0,Yes,Yes,5,Yes,No,DSL,Yes,Yes,Yes,No,No,No,Month-to-month,Yes,Electronic check,62.38,316.72,No
CUST0273,Male,1,No,No,18,Yes,Yes,DSL,Yes,No,Yes,Yes,No,No,Two year,No,Credit card,79.35,1421.44,No
CUST0274,Female,1,No,No,3,Yes,No,No,No internet service,No internet service,No internet service,No internet service,No internet service,No internet service,Month-to-month,No,Mailed check,31.28,114.76,Yes
CUST0275,Male,0,Yes,Yes,5,Yes,Yes,Fiber optic,Yes,Yes,Yes,No,No,No,Month-to-month,No,Electronic check,121.58,602.51,No
CUST0276,Female,1,Yes,No,12,Yes,No,Fiber optic,No,No,Yes,Yes,Yes,No,One year,Yes,Mailed check,105.83,1265.87,No
CUST0277,Female,0,Yes,Yes,51,Yes,Yes,Fiber optic,No,No,Yes,No,No,Yes,One year,Yes,Credit card,112.79,5747.46,No
CUST0278,Female,0,Yes,Yes,3,Yes,No,Fiber optic,Yes,Yes,Yes,Yes,Yes,Yes,Two year,Yes,Mailed check,110.53,317.91,No
CUST0279,Female,0,No,No,27,Yes,Yes,DSL,No,Yes,Yes,Yes,Yes,No,Month-to-month,Yes,Electronic check,86.63,2349.33,No
CUST0280,Female,0,Yes,Yes,33,Yes,No,Fiber optic,Yes,Yes,No,No,No,Yes,One year,No,Credit card,101.76,3379.48,Yes
CUST0281,Male,0,No,Yes,12,Yes,Yes,DSL,Yes,No,No,No,Yes,Yes,Month-to-month,Yes,Bank transfer,78.53,939.66,No
CUST0282,Female,0,No,No,17,Yes,No,DSL,Yes,Yes,No,No,Yes,No,Month-to-month,Yes,Mailed check,73.3,1264.85,Yes
CUST0283,Male,0,No,No,8,Yes,No,DSL,No,No,No,No,No,No,Two year,Yes,Electronic check,54.23,447.85,No
CUST0284,Female,0,Yes,Yes,15,Yes,No,Fiber optic,Yes,No,No,Yes,Yes,Yes,Two year,Yes,Mailed check,96.74,1475.16,No
CUST0285,Female,0,Yes,Yes,52,Yes,No,Fiber optic,No,Yes,Yes,Yes,No,No,One year,Yes,Bank transfer,96.76,5035.3,No
CUST0286,Male,0,Yes,No,30,Yes,No,No,No internet service,No internet service,No internet service,No internet service,No internet service,No internet service,One year,Yes,Credit card,24.22,727.91,No
CUST0287,Male,0,Yes,Yes,16,Yes,Yes,DSL,Yes,Yes,No,Yes,No,Yes,One year,Yes,Bank transfer,79.87,1278.23,No
CUST0288,Male,0,No,Yes,43,Yes,Yes,DSL,Yes,Yes,Yes,Yes,No,Yes,One year,No,Credit card,84.71,3636.46,No
CUST0289,Male,0,No,No,9,Yes,No,No,No internet service,No internet service,No internet service,No internet service,No internet service,No internet service,Month-to-month,No,Mailed check,28.87,274.95,No
CUST0290,Male,0,No,No,16,Yes,No,Fiber optic,No,Yes,No,Yes,Yes,No,One year,No,Bank transfer,104.83,1702,No
CUST0291,Male,0,Yes,Yes,72,Yes,No,DSL,Yes,Yes,No,Yes,Yes,No,Month-to-month,Yes,Bank transfer,78.08,5645.84,Yes
CUST0292,Male,0,Yes,No,72,Yes,No,Fiber optic,Yes,Yes,No,No,Yes,No,Month-to-month,Yes,Mailed check,97.25,6977.59,Yes
CUST0293,Male,0,No,No,12,Yes,No,No,No internet service,No internet service,No internet service,No internet service,No internet service,No internet service,Month-to-month,Yes,Electronic check,28.15,379.88,No
CUST0294,Male,0,No,No,22,Yes,No,DSL,No,Yes,No,No,No,No,One year,No,Electronic check,55.65,1246.81,No
CUST0295,Female,0,Yes,Yes,29,Yes,No,No,No internet service,No internet service,No internet service,No internet service,No internet service,No internet service,Month-to-month,Yes,Electronic check,27.28,787.86,Yes
CUST0296,Female,0,Yes,No,7,Yes,No,DSL,Yes,Yes,No,Yes,No,Yes,Month-to-month,Yes,Electronic check,73.86,497.13,No
CUST0297,Female,0,No,No,21,Yes,Yes,Fiber optic,No,Yes,No,Yes,Yes,Yes,Two year,No,Mailed check,123.09,2589.22,No
CUST0298,Male,0,No,No,17,No,No phone service,DSL,No,No,No,Yes,Yes,Yes,Month-to-month,No,Credit card,63.36,1088.96,Yes
CUST0299,Male,0,Yes,No,0,Yes,Yes,Fiber optic,No,Yes,No,No,Yes,Yes,Month-to-month,Yes,Mailed check,101.8,0,Yes
CUST0300,Male,0,No,No,72,Yes,Yes,DSL,No,Yes,No,No,No,No,Two year,No,Electronic check,71.35,5150.74,No
CUST0301,Female,0,Yes,No,8,Yes,No,DSL,No,Yes,No,Yes,No,No,Month-to-month,No,Bank transfer,73.36,584.73,No
CUST0302,Male,0,No,No,68,Yes,Yes,No,No internet service,No internet service,No internet service,No internet service,No internet service,No internet service,Month-to-month,Yes,Electronic check,31.7,2143.27,Yes
CUST0303,Male,0,No,No,36,Yes,No,DSL,Yes,Yes,No,No,No,Yes,Two year,No,Bank transfer,63.51,2317.92,No
CUST0304,Male,0,No,No,59,Yes,Yes,Fiber optic,Yes,Yes,No,Yes,Yes,Yes,Two year,Yes,Mailed check,116.4,6870.64,Yes
CUST0305,Male,0,No,No,14,Yes,Yes,No,No internet service,No internet service,No internet service,No internet service,No internet service,No internet service,Month-to-month,No,Mailed check,38.02,499.75,No
CUST0306,Male,0,No,No,39,Yes,No,Fiber optic,Yes,Yes,No,No,No,No,Month-to-month,No,Electronic check,87.88,3421.99,Yes
CUST0307,Female,1,Yes,No,72,Yes,Yes,No,No internet service,No internet service,No internet service,No internet service,No internet service,No internet service,Month-to-month,Yes,Electronic check,30.01,2169.96,Yes
CUST0308,Male,0,Yes,No,1,Yes,No,No,No internet service,No internet service,No internet service,No internet service,No internet service,No internet service,Month-to-month,No,Bank transfer,32.13,32.51,No
CUST0309,Female,0,No,No,30,Yes,No,Fiber optic,Yes,Yes,No,No,Yes,No,One year,Yes,Credit card,101.16,3010.74,No
CUST0310,Female,0,Yes,Yes,0,Yes,No,Fiber optic,No,No,Yes,No,No,No,Two year,No,Credit card,93.14,0,Yes
CUST0311,Male,0,Yes,Yes,45,Yes,No,DSL,No,No,No,No,Yes,Yes,Month-to-month,No,Mailed check,64.9,2910.77,No
CUST0312,Female,0,No,No,12,No,No phone service,No,No internet service,No internet service,No internet service,No internet service,No internet service,No internet service,Month-to-month,No,Electronic check,18,242.43,Yes
CUST0313,Male,0,Yes,No,60,No,No phone service,Fiber optic,No,Yes,Yes,Yes,Yes,Yes,Month-to-month,Yes,Mailed check,96.58,5810.61,No
CUST0314,Male,0,No,No,6,Yes,Yes,No,No internet service,No internet service,No internet service,No internet service,No internet service,No internet service,Month-to-month,No,Mailed check,30.37,182.87,Yes
CUST0315,Female,0,No,Yes,48,Yes,No,No,No internet service,No internet service,No internet service,No internet service,No internet service,No internet service,One year,No,Electronic check,39.88,1882.96,No
CUST0316,Male,0,Yes,No,7,Yes,No,No,No internet service,No internet service,No internet service,No internet service,No internet service,No internet service,Two year,No,Mailed check,29.05,221.78,No
CUST0317,Female,0,No,No,5,Yes,No,DSL,Yes,No,Yes,No,Yes,No,Month-to-month,Yes,Mailed check,68.17,349.73,Yes
CUST0318,Male,0,Yes,Yes,67,Yes,Yes,Fiber optic,No,No,Yes,Yes,No,Yes,Two year,Yes,Electronic check,105.61,7095.02,No
CUST0319,Male,0,No,No,3,Yes,No,Fiber optic,No,No,No,No,No,No,Month-to-month,Yes,Credit card,82.48,245.81,Yes
CUST0320,Female,0,No,Yes,12,Yes,Yes,DSL,Yes,No,No,No,Yes,No,Two year,Yes,Bank transfer,69.34,811.62,No
CUST0321,Female,0,No,Yes,31,No,No phone service,DSL,No,No,No,Yes,Yes,Yes,One year,Yes,Credit card,63.33,1972.48,No
CUST0322,Female,0,Yes,Yes,9,Yes,No,No,No internet service,No internet service,No internet service,No internet service,No internet service,No internet service,Month-to-month,No,Bank transfer,33.92,300.25,No
CUST0323,Female,1,No,No,11,Yes,No,Fiber optic,Yes,Yes,No,Yes,No,No,Month-to-month,No,Mailed check,109.01,1206.77,Yes
CUST0324,Male,0,No,No,72,Yes,Yes,DSL,No,Yes,No,Yes,No,Yes,One year,Yes,Bank transfer,83.26,5974.76,No
CUST0325,Male,0,No,No,17,Yes,No,No,No internet service,No internet service,No internet service,No internet service,No internet service,No internet service,Two year,No,Bank transfer,35.41,621.88,No
CUST0326,Female,1,No,No,31,Yes,No,DSL,Yes,No,Yes,Yes,No,Yes,Two year,Yes,Credit card,72.21,2216.51,No
CUST0327,Female,1,No,No,28,Yes,Yes,Fiber optic,Yes,Yes,Yes,No,No,No,Two year,Yes,Bank transfer,96.04,2687.62,Yes
CUST0328,Male,0,Yes,No,31,Yes,No,DSL,Yes,No,Yes,Yes,No,No,Two year,Yes,Mailed check,69.7,2169.8,No
CUST0329,Male,0,No,No,18,No,No phone service,DSL,Yes,Yes,No,No,No,No,Month-to-month,No,Credit card,58.49,1061.24,Yes
CUST0330,Male,0,Yes,Yes,19,Yes,No,DSL,Yes,No,Yes,Yes,Yes,Yes,Two year,Yes,Bank transfer,77.61,1457.33,No
CUST0331,Female,1,Yes,Yes,26,Yes,No,DSL,No,Yes,Yes,Yes,No,No,One year,No,Bank transfer,76.06,1982.79,No
CUST0332,Female,0,Yes,No,26,Yes,No,Fiber optic,No,Yes,Yes,No,Yes,Yes,Month-to-month,Yes,Mailed check,99.85,2569.05,No
CUST0333,Male,0,Yes,Yes,31,Yes,Yes,DSL,No,Yes,No,No,Yes,Yes,One year,Yes,Electronic check,75.32,2300.77,No
CUST0334,Male,0,Yes,No,1,Yes,No,No,No internet service,No internet service,No internet service,No internet service,No internet service,No internet service,One year,No,Electronic check,35.59,64.56,Yes
CUST0335,Female,0,No,No,2,Yes,Yes,DSL,Yes,Yes,No,No,Yes,No,Month-to-month,Yes,Credit card,71.36,144.27,No
CUST0336,Male,0,Yes,No,12,Yes,Yes,Fiber optic,Yes,No,Yes,Yes,No,Yes,Month-to-month,No,Credit card,107.46,1256.3,Yes
CUST0337,Female,0,Yes,Yes,15,Yes,No,DSL,Yes,No,No,Yes,Yes,Yes,One year,Yes,Electronic check,75.44,1139.52,Yes
CUST0338,Female,0,Yes,Yes,72,Yes,Yes,DSL,Yes,No,Yes,No,No,No,One year,No,Electronic check,80.49,5820.24,Yes
CUST0339,Male,0,Yes,Yes,72,Yes,No,Fiber optic,No,No,No,Yes,Yes,Yes,One year,Yes,Mailed check,92.13,6651.88,No
CUST0340,Male,0,No,No,70,Yes,No,DSL,No,No,Yes,No,No,Yes,Two year,Yes,Credit card,67.76,4750.01,No
CUST0341,Female,0,No,No,27,Yes,No,DSL,No,No,No,Yes,Yes,Yes,One year,Yes,Mailed check,68.36,1813.25,No
CUST0342,Male,0,No,No,5,Yes,No,No,No internet service,No internet service,No internet service,No internet service,No internet service,No internet service,Month-to-month,No,Mailed check,29.88,145.91,Yes
CUST0343,Female,0,No,No,13,Yes,Yes,Fiber optic,Yes,No,No,Yes,No,No,One year,Yes,Electronic check,103.08,1338.3,No
CUST0344,Female,0,No,No,30,Yes,Yes,DSL,Yes,No,Yes,No,Yes,No,Two year,No,Credit card,74.08,2208.59,No
CUST0345,Male,0,Yes,Yes,1,Yes,Yes,Fiber optic,No,No,Yes,Yes,No,No,One year,Yes,Bank transfer,100.1,104.89,No
CUST0346,Female,0,Yes,Yes,39,Yes,No,No,No internet service,No internet service,No internet service,No internet service,No internet service,No internet service,Month-to-month,No,Mailed check,32.41,1239.24,No
CUST0347,Male,0,No,No,1,Yes,No,No,No internet service,No internet service,No internet service,No internet service,No internet service,No internet service,One year,No,Electronic check,21.41,27.11,Yes
CUST0348,Female,1,No,No,37,Yes,No,Fiber optic,Yes,No,Yes,Yes,No,No,Month-to-month,Yes,Electronic check,96.97,3622.28,Yes
CUST0349,Male,0,No,No,1,Yes,Yes,DSL,No,No,No,Yes,Yes,No,Month-to-month,No,Credit card,69.55,69.63,Yes
CUST0350,Female,1,No,Yes,34,Yes,Yes,Fiber optic,Yes,Yes,Yes,No,No,No,Month-to-month,No,Electronic check,106.61,3619.14,Yes
CUST0351,Male,0,Yes,No,26,Yes,Yes,No,No internet service,No internet service,No internet service,No internet service,No internet service,No internet service,One year,No,Electronic check,36.34,932.6,No
CUST0352,Female,0,Yes,Yes,17,Yes,Yes,Fiber optic,No,Yes,No,Yes,No,Yes,Month-to-month,No,Electronic check,110.41,1887.92,Yes
CUST0353,Male,1,No,No,9,Yes,No,Fiber optic,Yes,No,Yes,Yes,No,No,Two year,Yes,Mailed check,105.32,905.07,No
CUST0354,Male,0,Yes,No,46,Yes,No,No,No internet service,No internet service,No internet service,No internet service,No internet service,No internet service,Two year,No,Credit card,28.05,1322.12,No
CUST0355,Male,0,No,No,4,Yes,No,DSL,No,No,No,Yes,Yes,No,Month-to-month,No,Bank transfer,69.88,297.89,Yes
CUST0356,Male,0,Yes,Yes,2,Yes,No,DSL,No,Yes,Yes,No,Yes,No,Two year,No,Credit card,66.45,107.73,Yes
CUST0357,Female,0,No,No,22,Yes,Yes,DSL,Yes,Yes,No,Yes,Yes,Yes,Month-to-month,Yes,Bank transfer,84.32,1841.07,No
CUST0358,Male,0,No,No,12,Yes,No,Fiber optic,Yes,Yes,No,Yes,Yes,No,One year,No,Electronic check,100.66,1218.61,No
CUST0359,Male,0,No,No,23,Yes,Yes,DSL,No,Yes,No,No,No,No,One year,Yes,Electronic check,66.32,1509.57,Yes
CUST0360,Female,0,Yes,No,5,Yes,Yes,No,No internet service,No internet service,No internet service,No internet service,No internet service,No internet service,Month-to-month,No,Mailed check,24.58,128.09,Yes
CUST0361,Male,0,No,Yes,15,Yes,No,Fiber optic,Yes,Yes,Yes,Yes,Yes,No,One year,Yes,Credit card,111.4,1706.17,No
CUST0362,Female,0,No,No,15,Yes,Yes,No,No internet service,No internet service,No internet service,No internet service,No internet service,No internet service,Month-to-month,Yes,Bank transfer,39.67,589.1,No
CUST0363,Male,0,No,Yes,11,Yes,No,No,No internet service,No internet service,No internet service,No internet service,No internet service,No internet service,Month-to-month,Yes,Electronic check,34.24,331.7,No
CUST0364,Male,0,No,No,1,Yes,Yes,No,No internet service,No internet service,No internet service,No internet service,No internet service,No internet service,Month-to-month,No,Credit card,32.61,18.84,Yes
CUST0365,Female,0,Yes,No,1,Yes,Yes,Fiber optic,Yes,Yes,Yes,No,No,Yes,One year,No,Mailed check,119.45,138.81,Yes
CUST0366,Male,0,No,No,15,Yes,No,No,No internet service,No internet service,No internet service,No internet service,No internet service,No internet service,One year,No,Bank transfer,26.33,396.59,No
CUST0367,Male,0,No,No,33,Yes,Yes,Fiber optic,Yes,No,No,Yes,Yes,Yes,Month-to-month,No,Credit card,118.37,3936.73,No
CUST0368,Male,0,No,Yes,53,Yes,No,No,No internet service,No internet service,No internet service,No internet service,No internet service,No internet service,One year,No,Electronic check,38.5,2061.93,No
CUST0369,Female,0,No,No,4,Yes,No,Fiber optic,Yes,No,Yes,No,Yes,Yes,Month-to-month,Yes,Electronic check,101.85,387.24,Yes
CUST0370,Male,0,Yes,Yes,13,No,No phone service,Fiber optic,No,Yes,Yes,No,Yes,Yes,Month-to-month,Yes,Credit card,96.11,1239.84,Yes
CUST0371,Female,0,Yes,Yes,25,Yes,Yes,DSL,Yes,Yes,No,Yes,Yes,No,One year,No,Credit card,83.49,2086.19,No
CUST0372,Female,0,No,No,5,Yes,No,DSL,No,Yes,No,Yes,Yes,Yes,One year,Yes,Electronic check,79.24,371.55,No
CUST0373,Female,0,Yes,No,34,Yes,No,DSL,Yes,No,No,No,No,Yes,One year,No,Mailed check,59.96,1999.39,Yes
CUST0374,Male,0,Yes,No,0,Yes,No,DSL,Yes,No,No,Yes,Yes,Yes,One year,Yes,Electronic check,75.48,0,Yes
CUST0375,Female,1,Yes,No,52,Yes,Yes,No,No internet service,No internet service,No internet service,No internet service,No internet service,No internet service,Two year,No,Mailed check,39.68,2069.68,No
CUST0376,Female,0,Yes,Yes,1,Yes,Yes,No,No internet service,No internet service,No internet service,No internet service,No internet service,No internet service,Month-to-month,Yes,Bank transfer,41.78,54.03,No
CUST0377,Male,1,Yes,Yes,6,Yes,Yes,Fiber optic,No,Yes,No,Yes,No,Yes,Month-to-month,Yes,Credit card,107.8,644.11,No
CUST0378,Female,0,No,No,25,Yes,Yes,DSL,Yes,Yes,No,Yes,Yes,No,One year,No,Credit card,89.67,2254.34,Yes
CUST0379,Female,0,No,No,19,Yes,Yes,No,No internet service,No internet service,No internet service,No internet service,No internet service,No internet service,One year,No,Bank transfer,38.72,736.16,No
CUST0380,Female,0,Yes,Yes,29,Yes,No,DSL,Yes,Yes,No,No,No,Yes,One year,No,Credit card,71.84,2041.36,No
CUST0381,Female,1,No,No,25,Yes,No,Fiber optic,No,No,Yes,Yes,Yes,No,One year,Yes,Mailed check,99.67,2478.69,No
CUST0382,Female,0,Yes,Yes,11,No,No phone service,DSL,Yes,Yes,No,Yes,Yes,No,Month-to-month,No,Mailed check,70.56,797.71,No
CUST0383,Female,0,No,Yes,24,Yes,Yes,DSL,No,Yes,No,Yes,No,No,One year,Yes,Mailed check,82.94,1979.94,No
CUST0384,Male,0,Yes,No,0,Yes,Yes,Fiber optic,Yes,Yes,No,No,Yes,Yes,One year,No,Mailed check,115.07,9.27,No
CUST0385,Male,0,No,No,12,Yes,No,Fiber optic,Yes,Yes,Yes,No,No,No,Month-to-month,No,Electronic check,100.76,1224.43,Yes
CUST0386,Male,0,No,Yes,0,Yes,Yes,DSL,No,No,Yes,No,No,No,One year,Yes,Bank transfer,62.35,12.45,No
CUST0387,Female,1,Yes,No,5,Yes,No,DSL,No,No,No,Yes,Yes,No,Two year,Yes,Mailed check,66.27,347.76,No
CUST0388,Male,0,No,No,1,Yes,Yes,DSL,Yes,Yes,Yes,No,Yes,Yes,Two year,No,Bank transfer,89.72,95.89,No
CUST0389,Male,0,No,No,1,Yes,No,DSL,No,Yes,Yes,No,Yes,Yes,Month-to-month,Yes,Mailed check,72.54,66.84,Yes
CUST0390,Male,0,Yes,Yes,72,Yes,Yes,No,No internet service,No internet service,No internet service,No internet service,No internet service,No internet service,Month-to-month,Yes,Mailed check,42.37,3037.64,Yes
CUST0391,Female,0,Yes,No,6,Yes,Yes,DSL,No,Yes,Yes,No,No,No,Month-to-month,Yes,Mailed check,70.72,427.95,Yes
CUST0392,Female,0,Yes,Yes,3,Yes,No,No,No internet service,No internet service,No internet service,No internet service,No internet service,No internet service,Month-to-month,Yes,Bank transfer,29.84,72.55,Yes
CUST0393,Female,0,Yes,Yes,39,Yes,No,Fiber optic,No,Yes,Yes,Yes,Yes,No,Month-to-month,Yes,Electronic check,106.75,4143.17,Yes
CUST0394,Male,0,No,Yes,14,Yes,Yes,No,No internet service,No internet service,No internet service,No internet service,No internet service,No internet service,Month-to-month,Yes,Electronic check,32.07,402.54,No
CUST0395,Female,0,Yes,Yes,26,Yes,No,No,No internet service,No internet service,No internet service,No internet service,No internet service,No internet service,Month-to-month,No,Bank transfer,36.12,941.86,No
CUST0396,Male,1,No,No,5,Yes,Yes,Fiber optic,No,No,No,Yes,No,Yes,Month-to-month,No,Credit card,109.23,544.91,Yes
CUST0397,Male,1,Yes,No,12,Yes,No,Fiber optic,No,Yes,Yes,Yes,Yes,Yes,One year,No,Mailed check,108.78,1299.36,No
CUST0398,Female,0,No,No,20,Yes,No,Fiber optic,Yes,Yes,No,No,No,No,Month-to-month,No,Bank transfer,84.52,1707.68,No
CUST0399,Female,0,Yes,No,20,Yes,No,DSL,Yes,No,No,No,No,No,Month-to-month,No,Mailed check,62.21,1235.59,Yes
CUST0400,Male,1,Yes,No,72,Yes,Yes,DSL,Yes,Yes,No,No,Yes,Yes,Month-to-month,No,Electronic check,80.34,5808.38,Yes
CUST0401,Male,0,Yes,No,44,Yes,No,DSL,Yes,Yes,No,Yes,No,Yes,One year,Yes,Credit card,71.59,3136.42,No
CUST0402,Female,0,No,No,0,Yes,Yes,No,No internet service,No internet service,No internet service,No internet service,No internet service,No internet service,One year,Yes,Credit card,34.81,9.17,No
CUST0403,Female,0,Yes,Yes,2,Yes,No,No,No internet service,No internet service,No internet service,No internet service,No internet service,No internet service,Month-to-month,Yes,Electronic check,25.32,37.28,Yes
CUST0404,Male,1,Yes,Yes,15,Yes,No,Fiber optic,Yes,Yes,Yes,Yes,No,No,Month-to-month,No,Credit card,91.26,1358.91,No
CUST0405,Female,1,Yes,Yes,35,Yes,Yes,No,No internet service,No internet service,No internet service,No internet service,No internet service,No internet service,Month-to-month,Yes,Bank transfer,38.71,1312.24,No
CUST0406,Female,1,No,No,16,Yes,No,DSL,Yes,Yes,No,No,Yes,No,One year,Yes,Credit card,76,1211.63,Yes
CUST0407,Male,0,Yes,No,14,Yes,No,DSL,Yes,No,No,No,No,No,One year,Yes,Bank transfer,61.25,839.63,No
CUST0408,Female,0,No,No,38,Yes,Yes,Fiber optic,No,Yes,No,Yes,No,Yes,Month-to-month,Yes,Bank transfer,104.35,3980.46,No
CUST0409,Female,0,No,No,11,Yes,Yes,DSL,No,Yes,No,Yes,No,No,Two year,Yes,Mailed check,80.67,890.13,No
CUST0410,Female,0,No,Yes,72,Yes,No,No,No internet service,No internet service,No internet service,No internet service,No internet service,No internet service,Month-to-month,Yes,Bank transfer,37.89,2747.79,Yes
CUST0411,Male,1,Yes,No,70,Yes,Yes,Fiber optic,Yes,Yes,No,Yes,Yes,Yes,Month-to-month,Yes,Bank transfer,122.38,8596.05,No
CUST0412,Male,0,Yes,Yes,9,Yes,Yes,Fiber optic,No,Yes,Yes,No,No,No,Month-to-month,No,Bank transfer,107.98,962.49,No
CUST0413,Female,0,Yes,No,11,No,No phone service,DSL,No,Yes,Yes,Yes,No,No,Month-to-month,Yes,Bank transfer,61.62,654.87,Yes
CUST0414,Female,1,Yes,No,14,Yes,Yes,DSL,No,No,Yes,Yes,Yes,No,Month-to-month,Yes,Bank transfer,84.03,1191.97,No
CUST0415,Female,0,No,No,40,Yes,Yes,DSL,No,Yes,No,No,No,No,Month-to-month,Yes,Credit card,71.18,2824.85,Yes
CUST0416,Female,0,Yes,No,51,Yes,No,No,No internet service,No internet service,No internet service,No internet service,No internet service,No internet service,Month-to-month,No,Credit card,24.48,1266.96,Yes
CUST0417,Female,0,No,No,13,Yes,Yes,DSL,Yes,Yes,Yes,No,Yes,No,One year,No,Mailed check,73.9,966.1,No
CUST0418,Male,0,Yes,No,21,Yes,Yes,DSL,Yes,No,No,Yes,No,No,Month-to-month,No,Bank transfer,77.56,1630.88,Yes
CUST0419,Male,0,No,No,64,Yes,Yes,Fiber optic,Yes,Yes,Yes,No,No,Yes,One year,No,Bank transfer,111.92,7180.07,No
CUST0420,Female,0,No,No,38,Yes,No,Fiber optic,No,No,Yes,No,Yes,No,Month-to-month,Yes,Mailed check,102.58,3910.08,Yes
CUST0421,Female,0,No,No,2,Yes,No,Fiber optic,No,No,Yes,No,No,No,Month-to-month,Yes,Mailed check,89.67,188.35,Yes
CUST0422,Female,0,No,Yes,28,Yes,No,DSL,Yes,Yes,Yes,No,Yes,No,One year,No,Bank transfer,77.43,2137.09,No
CUST0423,Female,0,No,No,15,Yes,No,Fiber optic,No,No,No,No,Yes,Yes,Two year,Yes,Mailed check,89.61,1331.42,Yes
CUST0424,Male,0,No,No,44,Yes,Yes,Fiber optic,Yes,Yes,No,Yes,Yes,Yes,Two year,No,Electronic check,115.94,5124.44,No
CUST0425,Male,0,No,No,3,No,No phone service,Fiber optic,Yes,Yes,No,Yes,Yes,No,Month-to-month,No,Mailed check,94.87,274.33,Yes
CUST0426,Male,0,No,No,72,Yes,No,Fiber optic,Yes,Yes,Yes,Yes,Yes,No,Month-to-month,No,Credit card,105.19,7569.55,No
CUST0427,Female,1,No,No,1,Yes,No,Fiber optic,Yes,Yes,No,No,No,No,Month-to-month,No,Mailed check,97.02,105.57,Yes
CUST0428,Male,0,No,No,2,Yes,No,Fiber optic,No,No,No,Yes,No,Yes,One year,Yes,Mailed check,92.22,188.53,Yes
CUST0429,Female,0,No,Yes,42,Yes,No,Fiber optic,Yes,No,No,No,Yes,No,Month-to-month,No,Mailed check,95.77,4042.7,Yes
CUST0430,Male,0,No,No,72,Yes,Yes,No,No internet service,No internet service,No internet service,No internet service,No internet service,No internet service,Two year,No,Credit card,39.13,2831.21,No
CUST0431,Female,0,Yes,Yes,33,Yes,No,Fiber optic,No,Yes,No,Yes,No,Yes,Month-to-month,No,Bank transfer,103.88,3439.1,Yes
CUST0432,Female,0,No,No,44,Yes,Yes,Fiber optic,Yes,Yes,Yes,No,Yes,No,Two year,No,Bank transfer,116.27,5106.41,No
CUST0433,Female,0,Yes,No,8,Yes,Yes,DSL,Yes,Yes,Yes,Yes,Yes,No,Month-to-month,No,Mailed check,95.54,750.48,Yes
CUST0434,Female,0,Yes,Yes,39,No,No phone service,Fiber optic,Yes,Yes,Yes,No,Yes,No,One year,No,Bank transfer,95.37,3712.7,No
CUST0435,Female,0,No,Yes,66,Yes,No,Fiber optic,Yes,No,Yes,Yes,Yes,No,Month-to-month,No,Electronic check,107.25,7041.1,Yes
CUST0436,Female,0,Yes,Yes,4,Yes,No,Fiber optic,No,Yes,Yes,Yes,No,No,Two year,Yes,Electronic check,99.03,381,Yes
CUST0437,Male,0,No,No,22,Yes,Yes,DSL,Yes,No,No,No,No,Yes,Month-to-month,Yes,Electronic check,71.13,1554.71,No
CUST0438,Female,1,No,No,1,Yes,No,Fiber optic,Yes,No,Yes,Yes,Yes,Yes,Month-to-month,No,Bank transfer,110.36,102.13,Yes
CUST0439,Male,0,Yes,No,8,Yes,Yes,Fiber optic,No,Yes,Yes,Yes,No,Yes,Month-to-month,No,Electronic check,113.21,914.54,Yes
CUST0440,Male,0,Yes,No,7,No,No phone service,Fiber optic,Yes,No,Yes,Yes,No,Yes,Month-to-month,Yes,Mailed check,94.5,649.44,No
CUST0441,Female,0,Yes,No,6,Yes,No,No,No internet service,No internet service,No internet service,No internet service,No internet service,No internet service,Two year,No,Mailed check,29.45,158.77,No
CUST0442,Male,1,No,Yes,5,Yes,No,DSL,Yes,No,Yes,No,No,No,Month-to-month,No,Mailed check,55.34,263.19,Yes
CUST0443,Male,0,No,Yes,20,Yes,No,Fiber optic,No,No,Yes,Yes,Yes,No,Month-to-month,No,Bank transfer,97.7,1940.11,Yes
CUST0444,Female,0,No,No,1,Yes,Yes,Fiber optic,No,Yes,Yes,No,Yes,No,One year,Yes,Credit card,110.63,87.87,Yes
CUST0445,Male,1,No,No,8,Yes,Yes,Fiber optic,No,No,No,No,Yes,Yes,Month-to-month,Yes,Electronic check,107.88,873.35,Yes
CUST0446,Male,0,Yes,Yes,12,Yes,Yes,Fiber optic,Yes,No,Yes,Yes,Yes,No,Month-to-month,No,Bank transfer,107.02,1302.11,Yes
CUST0447,Male,1,No,Yes,72,No,No phone service,No,No internet service,No internet service,No internet service,No internet service,No internet service,No internet service,One year,Yes,Electronic check,25.26,1823.19,Yes
CUST0448,Male,0,Yes,No,23,Yes,Yes,Fiber optic,No,Yes,No,No,No,Yes,Month-to-month,No,Electronic check,108.72,2504.75,Yes
CUST0449,Male,1,No,No,41,Yes,Yes,Fiber optic,Yes,Yes,Yes,Yes,No,Yes,Month-to-month,Yes,Mailed check,113.24,4629.3,No
CUST0450,Male,0,No,No,2,Yes,Yes,No,No internet service,No internet service,No internet service,No internet service,No internet service,No internet service,One year,No,Credit card,35.73,89.35,No
CUST0451,Female,0,Yes,Yes,22,Yes,Yes,Fiber optic,No,No,Yes,No,No,No,Month-to-month,No,Bank transfer,102.59,2241.66,Yes
CUST0452,Female,0,No,No,23,Yes,No,DSL,Yes,Yes,No,No,No,No,Month-to-month,No,Credit card,66.42,1507.9,No
CUST0453,Male,0,Yes,No,31,Yes,Yes,Fiber optic,Yes,No,Yes,No,Yes,Yes,Two year,No,Electronic check,110.91,3397.69,Yes
CUST0454,Female,0,Yes,Yes,7,Yes,Yes,Fiber optic,No,No,Yes,Yes,No,No,Month-to-month,Yes,Mailed check,96.6,679.99,Yes
CUST0455,Female,0,No,No,1,Yes,Yes,Fiber optic,No,Yes,Yes,No,No,Yes,One year,No,Electronic check,104.13,104.14,Yes
CUST0456,Female,0,Yes,No,10,No,No phone service,Fiber optic,Yes,Yes,No,No,No,No,Month-to-month,Yes,Mailed check,80.01,820.83,Yes
CUST0457,Male,0,No,No,37,Yes,Yes,Fiber optic,No,Yes,No,Yes,No,Yes,Two year,Yes,Electronic check,103.59,3818.59,No
CUST0458,Female,0,No,No,0,Yes,Yes,DSL,Yes,No,No,No,Yes,Yes,One year,No,Electronic check,68.15,14.17,Yes
CUST0459,Female,0,Yes,No,42,No,No phone service,Fiber optic,No,Yes,No,No,Yes,Yes,Month-to-month,No,Mailed check,97.68,4089.42,No
CUST0460,Female,0,No,Yes,29,Yes,Yes,DSL,Yes,Yes,Yes,No,No,No,Month-to-month,Yes,Electronic check,83.85,2434.34,No
CUST0461,Female,0,No,No,2,Yes,No,Fiber optic,No,Yes,No,No,Yes,No,One year,Yes,Bank transfer,88.06,164.22,Yes
CUST0462,Female,0,Yes,No,2,Yes,Yes,No,No internet service,No internet service,No internet service,No internet service,No internet service,No internet service,Month-to-month,Yes,Mailed check,43.34,88.5,No
CUST0463,Female,0,Yes,Yes,40,Yes,Yes,DSL,Yes,Yes,Yes,No,Yes,No,Month-to-month,Yes,Bank transfer,89.03,3584.04,Yes
CUST0464,Female,0,No,No,3,Yes,Yes,Fiber optic,No,Yes,Yes,Yes,No,No,One year,Yes,Electronic check,110.66,339.21,Yes
CUST0465,Female,0,Yes,No,23,Yes,Yes,DSL,Yes,No,Yes,No,Yes,No,Month-to-month,Yes,Electronic check,88.43,2013.59,No
CUST0466,Female,0,No,Yes,72,Yes,No,Fiber optic,Yes,Yes,No,No,Yes,No,One year,Yes,Bank transfer,95.73,6894.27,Yes
CUST0467,Female,0,Yes,Yes,21,Yes,Yes,DSL,No,Yes,Yes,Yes,No,No,One year,No,Credit card,87.85,1844.46,No
CUST0468,Male,0,Yes,No,22,Yes,No,No,No internet service,No internet service,No internet service,No internet service,No internet service,No internet service,One year,No,Bank transfer,25.99,599.1,No
CUST0469,Male,0,No,Yes,29,Yes,Yes,Fiber optic,No,No,Yes,No,Yes,Yes,Two year,No,Credit card,102.87,3007.83,No
CUST0470,Male,0,Yes,No,33,Yes,Yes,Fiber optic,No,Yes,Yes,No,No,No,Two year,No,Mailed check,100.4,3306.38,No
CUST0471,Male,1,Yes,Yes,11,Yes,Yes,DSL,No,Yes,No,Yes,Yes,No,Month-to-month,Yes,Electronic check,80.29,863.6,No
CUST0472,Male,0,No,No,12,Yes,Yes,No,No internet service,No internet service,No internet service,No internet service,No internet service,No internet service,Month-to-month,Yes,Bank transfer,45.92,528.68,No
CUST0473,Female,0,No,Yes,40,No,No phone service,Fiber optic,No,No,No,Yes,Yes,Yes,Two year,Yes,Mailed check,89.61,3560.49,No
CUST0474,Male,0,No,No,9,Yes,Yes,Fiber optic,Yes,Yes,Yes,No,Yes,No,Month-to-month,Yes,Credit card,108.8,992.73,Yes
CUST0475,Female,0,Yes,No,21,Yes,No,Fiber optic,No,Yes,Yes,Yes,Yes,Yes,Month-to-month,No,Electronic check,110.92,2357.13,Yes
CUST0476,Female,0,No,No,12,Yes,Yes,DSL,Yes,Yes,Yes,Yes,No,No,Month-to-month,No,Credit card,92.86,1086.6,Yes
CUST0477,Male,1,No,No,21,Yes,No,DSL,Yes,No,No,No,Yes,Yes,Month-to-month,No,Credit card,75.48,1593.75,No
CUST0478,Male,0,Yes,No,67,Yes,Yes,No,No internet service,No internet service,No internet service,No internet service,No internet service,No internet service,Two year,No,Electronic check,40.8,2717.33,Yes
CUST0479,Male,0,No,No,20,No,No phone service,Fiber optic,No,No,No,No,No,Yes,Month-to-month,No,Bank transfer,76.63,1524.54,Yes
CUST0480,Male,0,Yes,No,11,Yes,No,Fiber optic,Yes,Yes,Yes,Yes,No,No,Two year,No,Credit card,98.54,1073.3,No
CUST0481,Male,0,Yes,No,41,Yes,Yes,Fiber optic,No,Yes,No,No,Yes,Yes,Month-to-month,Yes,Electronic check,109.26,4507.35,No
CUST0482,Female,0,No,No,21,Yes,Yes,No,No internet service,No internet service,No internet service,No internet service,No internet service,No internet service,Month-to-month,No,Mailed check,31.28,666.99,No
CUST0483,Female,0,No,Yes,1,Yes,Yes,Fiber optic,Yes,No,Yes,Yes,Yes,Yes,Month-to-month,Yes,Credit card,121.48,98.66,Yes
CUST0484,Female,0,No,Yes,4,Yes,No,Fiber optic,No,Yes,Yes,Yes,Yes,Yes,Month-to-month,No,Electronic check,111.43,395.75,Yes
CUST0485,Female,0,No,No,3,Yes,No,DSL,Yes,No,Yes,Yes,No,No,Month-to-month,No,Credit card,78.48,273.39,No
CUST0486,Male,0,Yes,Yes,72,Yes,No,DSL,Yes,Yes,Yes,Yes,Yes,No,Month-to-month,Yes,Mailed check,80.88,5796.63,No
CUST0487,Male,0,No,No,44,Yes,No,DSL,Yes,Yes,Yes,No,Yes,Yes,Month-to-month,No,Mailed check,71.81,3162.03,Yes
CUST0488,Female,1,No,No,71,Yes,Yes,Fiber optic,Yes,No,No,No,No,Yes,One year,No,Electronic check,108.77,7750.4,Yes
CUST0489,Female,0,No,No,0,Yes,Yes,DSL,Yes,No,No,No,Yes,Yes,Month-to-month,Yes,Electronic check,78.55,10.15,Yes
CUST0490,Male,0,No,No,6,Yes,No,DSL,No,No,No,No,Yes,No,Two year,No,Credit card,62.56,414.06,No
CUST0491,Male,1,Yes,No,1,Yes,Yes,DSL,Yes,Yes,Yes,No,Yes,Yes,One year,No,Credit card,88.23,89.25,Yes
CUST0492,Male,0,No,No,72,Yes,No,No,No internet service,No internet service,No internet service,No internet service,No internet service,No internet service,Month-to-month,Yes,Electronic check,27.23,1992.54,No
CUST0493,Male,0,No,No,48,Yes,No,Fiber optic,Yes,No,No,No,Yes,Yes,Month-to-month,No,Bank transfer,106.4,5062.86,Yes
CUST0494,Female,0,Yes,Yes,72,Yes,Yes,Fiber optic,No,No,No,No,Yes,Yes,Month-to-month,No,Mailed check,100.09,7183,No
CUST0495,Female,0,No,No,10,Yes,No,Fiber optic,No,Yes,No,No,Yes,Yes,Month-to-month,No,Bank transfer,112.85,1101.34,No
CUST0496,Male,0,Yes,No,32,Yes,Yes,Fiber optic,No,No,Yes,No,Yes,Yes,One year,No,Bank transfer,99.89,3205.15,No
CUST0497,Male,0,No,No,31,Yes,No,Fiber optic,Yes,No,Yes,No,No,No,Month-to-month,Yes,Bank transfer,92.34,2831.18,No
CUST0498,Male,0,Yes,No,8,Yes,Yes,Fiber optic,Yes,Yes,No,Yes,No,Yes,Month-to-month,Yes,Bank transfer,116.2,932.06,Yes
CUST0499,Female,0,No,Yes,23,Yes,No,Fiber optic,Yes,Yes,Yes,Yes,Yes,No,Month-to-month,No,Electronic check,109.81,2526.63,Yes
CUST0500,Male,1,No,No,53,Yes,Yes,No,No internet service,No internet service,No internet service,No internet service,No internet service,No internet service,Month-to-month,Yes,Bank transfer,39.6,2102.68,No
CUST0501,Female,0,Yes,Yes,7,Yes,No,DSL,Yes,No,Yes,No,Yes,Yes,Month-to-month,No,Bank transfer,85.62,625.97,Yes
CUST0502,Female,0,No,Yes,2,Yes,Yes,Fiber optic,No,Yes,Yes,No,Yes,Yes,Month-to-month,Yes,Mailed check,109.4,187.54,No
CUST0503,Female,0,No,No,26,Yes,No,No,No internet service,No internet service,No internet service,No internet service,No internet service,No internet service,Month-to-month,Yes,Bank transfer,41.52,1049.93,No
CUST0504,Male,0,Yes,Yes,64,No,No phone service,Fiber optic,No,No,No,Yes,Yes,Yes,Month-to-month,No,Electronic check,91.68,5862.97,Yes
CUST0505,Male,0,No,Yes,47,Yes,Yes,Fiber optic,Yes,No,No,Yes,No,No,Month-to-month,No,Bank transfer,106.96,5042.84,Yes
CUST0506,Male,0,Yes,No,5,No,No phone service,Fiber optic,Yes,Yes,No,Yes,No,No,Two year,No,Credit card,95.02,461.09,No
CUST0507,Male,0,Yes,Yes,72,Yes,No,DSL,No,No,Yes,No,No,No,One year,No,Electronic check,62.66,4543.97,Yes
CUST0508,Male,0,No,No,13,Yes,Yes,Fiber optic,No,No,No,Yes,No,No,Month-to-month,Yes,Electronic check,90.29,1161.11,Yes
CUST0509,Female,0,Yes,No,57,Yes,Yes,Fiber optic,No,No,No,No,Yes,Yes,Two year,Yes,Credit card,101.3,5781.5,No
CUST0510,Female,0,Yes,No,9,Yes,Yes,Fiber optic,No,No,No,Yes,Yes,Yes,Month-to-month,No,Electronic check,103.94,913.18,No
CUST0511,Female,1,No,No,46,Yes,Yes,Fiber optic,No,Yes,No,No,Yes,Yes,Month-to-month,No,Bank transfer,109.66,5047.2,No
CUST0512,Female,0,Yes,Yes,16,Yes,Yes,Fiber optic,Yes,Yes,Yes,Yes,No,No,Month-to-month,No,Credit card,117.95,1874.9,No
CUST0513,Male,0,Yes,No,72,Yes,No,Fiber optic,No,No,No,Yes,Yes,No,One year,Yes,Bank transfer,99.08,7125.23,Yes
CUST0514,Male,0,No,No,27,Yes,Yes,No,No internet service,No internet service,No internet service,No internet service,No internet service,No internet service,Month-to-month,Yes,Bank transfer,38.37,1032.99,No
CUST0515,Male,1,No,No,4,Yes,Yes,Fiber optic,Yes,No,No,No,No,No,Month-to-month,No,Credit card,98.46,429.97,Yes
CUST0516,Male,0,Yes,No,42,Yes,Yes,Fiber optic,Yes,No,No,No,Yes,No,Month-to-month,Yes,Mailed check,105.37,4444.29,No
CUST0517,Male,0,Yes,Yes,50,Yes,Yes,DSL,No,No,Yes,Yes,Yes,No,Month-to-month,No,Credit card,78.36,3921.75,No
CUST0518,Male,0,No,No,68,Yes,No,Fiber optic,No,No,No,Yes,Yes,No,Month-to-month,Yes,Credit card,97.12,6604.95,Yes
CUST0519,Male,0,No,No,17,Yes,No,No,No internet service,No internet service,No internet service,No internet service,No internet service,No internet service,Month-to-month,No,Electronic check,24.31,413.76,No
CUST0520,Male,0,No,Yes,26,Yes,No,Fiber optic,Yes,No,Yes,Yes,No,No,Month-to-month,Yes,Electronic check,96.89,2530.79,No
CUST0521,Male,0,No,No,14,Yes,Yes,Fiber optic,No,Yes,No,Yes,No,No,Month-to-month,No,Bank transfer,107.48,1471.28,No
CUST0522,Female,0,No,No,10,Yes,No,DSL,No,Yes,Yes,No,No,Yes,Month-to-month,No,Mailed check,66.43,674.73,Yes
CUST0523,Male,0,No,No,63,Yes,Yes,DSL,No,No,Yes,Yes,Yes,No,Month-to-month,No,Mailed check,71.83,4495.5,No
CUST0524,Female,0,No,Yes,0,No,No phone service,DSL,No,Yes,Yes,Yes,Yes,No,Month-to-month,No,Mailed check,71.26,0,Yes
CUST0525,Female,0,Yes,No,27,Yes,Yes,No,No internet service,No internet service,No internet service,No internet service,No internet service,No internet service,Two year,Yes,Bank transfer,39.39,1063.08,No
CUST0526,Male,1,Yes,Yes,33,Yes,No,Fiber optic,No,No,Yes,No,Yes,Yes,Two year,No,Electronic check,95.12,3165.03,Yes
CUST0527,Female,0,Yes,Yes,6,Yes,Yes,DSL,No,No,No,No,No,Yes,Two year,No,Credit card,64.09,369.35,Yes
CUST0528,Female,0,No,No,8,Yes,Yes,Fiber optic,No,Yes,No,No,No,No,Two year,Yes,Electronic check,97.92,801.68,No
CUST0529,Female,0,No,No,1,Yes,No,DSL,No,No,No,Yes,No,No,Month-to-month,No,Mailed check,62.32,51.31,Yes
CUST0530,Male,0,No,Yes,1,No,No phone service,DSL,Yes,No,Yes,Yes,Yes,Yes,Two year,No,Electronic check,65.98,67.68,No
CUST0531,Male,0,No,No,4,Yes,No,DSL,Yes,No,No,Yes,Yes,Yes,Month-to-month,Yes,Electronic check,74.18,300.96,Yes
CUST0532,Male,0,Yes,Yes,11,Yes,Yes,Fiber optic,Yes,No,Yes,Yes,Yes,No,Month-to-month,No,Credit card,108.54,1204.21,Yes
CUST0533,Male,0,No,No,32,Yes,No,DSL,No,No,No,Yes,Yes,No,Month-to-month,Yes,Credit card,63.9,2029.96,No
CUST0534,Female,0,No,No,72,No,No phone service,Fiber optic,Yes,No,No,Yes,No,Yes,Month-to-month,No,Mailed check,88.01,6313.04,No
CUST0535,Female,0,Yes,No,34,Yes,Yes,No,No internet service,No internet service,No internet service,No internet service,No internet service,No internet service,Month-to-month,Yes,Credit card,34.65,1201.53,No
CUST0536,Male,0,Yes,No,3,No,No phone service,No,No internet service,No internet service,No internet service,No internet service,No internet service,No internet service,Two year,No,Electronic check,25.91,87.35,Yes
CUST0537,Male,0,Yes,Yes,9,Yes,No,Fiber optic,No,Yes,No,Yes,Yes,Yes,Month-to-month,No,Bank transfer,111.19,1008.31,Yes
CUST0538,Male,0,No,Yes,6,Yes,No,Fiber optic,Yes,No,No,No,No,Yes,One year,Yes,Electronic check,90.07,568.52,No
CUST0539,Female,0,No,No,38,Yes,Yes,DSL,No,No,No,No,Yes,Yes,Two year,No,Bank transfer,79.48,2998.1,Yes
CUST0540,Male,0,No,No,1,Yes,No,DSL,Yes,Yes,Yes,No,Yes,No,Month-to-month,No,Electronic check,72.32,67.04,No
CUST0541,Female,0,No,No,3,Yes,Yes,No,No internet service,No internet service,No internet service,No internet service,No internet service,No internet service,Month-to-month,No,Mailed check,39.6,151.87,No
CUST0542,Male,0,Yes,Yes,18,Yes,Yes,DSL,Yes,No,No,Yes,No,No,Two year,No,Electronic check,67.51,1185.64,No
CUST0543,Male,0,No,No,32,Yes,Yes,No,No internet service,No internet service,No internet service,No internet service,No internet service,No internet service,Month-to-month,No,Electronic check,36.8,1144.2,Yes
CUST0544,Female,0,Yes,Yes,60,Yes,No,DSL,Yes,Yes,Yes,Yes,Yes,No,Two year,Yes,Credit card,77.12,4569.2,No
CUST0545,Male,1,Yes,Yes,20,Yes,Yes,No,No internet service,No internet service,No internet service,No internet service,No internet service,No internet service,Month-to-month,Yes,Electronic check,43.76,870.82,Yes
CUST0546,Female,0,Yes,No,67,Yes,Yes,Fiber optic,Yes,Yes,Yes,No,Yes,Yes,Two year,Yes,Credit card,116.34,7816.65,Yes
CUST0547,Female,0,No,No,14,Yes,No,Fiber optic,Yes,Yes,No,Yes,Yes,Yes,One year,No,Electronic check,112.93,1566.28,No
CUST0548,Male,0,No,No,33,Yes,Yes,DSL,No,Yes,No,Yes,No,Yes,Two year,Yes,Mailed check,73.58,2376.37,No
CUST0549,Male,0,No,No,6,Yes,Yes,DSL,Yes,No,Yes,Yes,Yes,Yes,Month-to-month,Yes,Bank transfer,92.8,566.05,No
CUST0550,Female,0,No,No,22,Yes,Yes,Fiber optic,Yes,Yes,No,No,No,Yes,Two year,Yes,Electronic check,98.7,2188.68,No
CUST0551,Male,0,No,No,3,Yes,Yes,No,No internet service,No internet service,No internet service,No internet service,No internet service,No internet service,One year,No,Bank transfer,35.02,57.25,No
CUST0552,Female,0,Yes,Yes,48,Yes,Yes,Fiber optic,Yes,Yes,No,Yes,No,Yes,Two year,No,Electronic check,111.6,5331.22,Yes
CUST0553,Male,0,Yes,Yes,18,Yes,No,DSL,No,Yes,Yes,Yes,Yes,No,Month-to-month,No,Mailed check,74.54,1336.93,No
CUST0554,Female,1,No,No,13,No,No phone service,Fiber optic,No,No,Yes,Yes,Yes,Yes,Two year,Yes,Electronic check,86.55,1129.02,Yes
CUST0555,Female,0,Yes,Yes,3,Yes,Yes,Fiber optic,No,No,No,Yes,No,Yes,One year,Yes,Bank transfer,97.25,298.68,Yes
CUST0556,Male,0,Yes,Yes,72,Yes,No,No,No internet service,No internet service,No internet service,No internet service,No internet service,No internet service,One year,Yes,Credit card,23.63,1708.95,No
CUST0557,Male,0,Yes,No,22,Yes,No,Fiber optic,Yes,No,Yes,Yes,No,Yes,Month-to-month,No,Bank transfer,97.94,2156.48,No
CUST0558,Male,0,No,Yes,13,Yes,Yes,Fiber optic,No,No,Yes,No,Yes,Yes,Month-to-month,Yes,Bank transfer,98.12,1290.58,No
CUST0559,Male,1,Yes,No,16,Yes,No,Fiber optic,No,Yes,No,Yes,No,Yes,Month-to-month,Yes,Mailed check,89.61,1427.35,No
CUST0560,Male,0,No,No,32,Yes,No,DSL,Yes,No,No,No,Yes,No,Two year,Yes,Mailed check,76.95,2469.94,No
CUST0561,Female,0,No,No,1,Yes,Yes,No,No internet service,No internet service,No internet service,No internet service,No internet service,No internet service,Month-to-month,Yes,Electronic check,38.11,10,No
CUST0562,Female,0,Yes,Yes,20,Yes,No,DSL,Yes,No,No,No,Yes,No,Month-to-month,No,Mailed check,64.6,1280.42,No
CUST0563,Male,0,Yes,No,13,Yes,Yes,Fiber optic,Yes,No,No,Yes,Yes,Yes,One year,No,Bank transfer,103.74,1364.29,No
CUST0564,Male,0,No,No,2,Yes,Yes,No,No internet service,No internet service,No internet service,No internet service,No internet service,No internet service,Two year,No,Credit card,39.4,99.12,No
CUST0565,Male,0,No,No,14,Yes,Yes,Fiber optic,No,No,Yes,Yes,No,No,Month-to-month,Yes,Bank transfer,105.58,1473.69,Yes
CUST0566,Female,0,No,No,22,Yes,Yes,DSL,Yes,No,Yes,No,Yes,Yes,Month-to-month,No,Bank transfer,83.96,1870.02,No
CUST0567,Female,0,Yes,No,0,No,No phone service,Fiber optic,No,Yes,Yes,Yes,Yes,No,One year,Yes,Electronic check,96.18,0,No
CUST0568,Female,0,Yes,Yes,3,Yes,No,Fiber optic,No,No,No,No,Yes,Yes,Month-to-month,No,Bank transfer,96.64,306.73,No
CUST0569,Female,0,No,Yes,8,Yes,Yes,No,No internet service,No internet service,No internet service,No internet service,No internet service,No internet service,One year,No,Bank transfer,32.05,277.48,No
CUST0570,Female,0,No,No,6,Yes,Yes,DSL,Yes,No,Yes,Yes,No,Yes,Month-to-month,No,Electronic check,77.13,460.68,No
CUST0571,Male,0,Yes,No,3,Yes,Yes,Fiber optic,Yes,No,Yes,Yes,Yes,No,Month-to-month,No,Mailed check,111.18,334.53,Yes
CUST0572,Female,0,No,No,51,Yes,No,Fiber optic,No,Yes,No,Yes,Yes,Yes,Two year,Yes,Bank transfer,110.7,5637.95,Yes
CUST0573,Female,1,No,No,68,Yes,No,Fiber optic,No,No,No,No,Yes,No,Two year,Yes,Bank transfer,85.44,5785.55,No
CUST0574,Male,0,No,No,5,Yes,No,Fiber optic,No,Yes,Yes,No,No,No,Month-to-month,Yes,Mailed check,87.5,421.92,Yes
CUST0575,Female,1,Yes,Yes,24,Yes,Yes,No,No internet service,No internet service,No internet service,No internet service,No internet service,No internet service,Month-to-month,Yes,Mailed check,36.53,903.85,No
CUST0576,Male,0,Yes,No,70,Yes,Yes,DSL,No,No,No,Yes,Yes,Yes,One year,No,Bank transfer,85.79,5974.69,No
CUST0577,Male,0,No,No,1,Yes,No,Fiber optic,Yes,No,Yes,Yes,No,No,Month-to-month,Yes,Credit card,94.21,60.58,Yes
CUST0578,Female,0,Yes,Yes,51,Yes,No,Fiber optic,No,No,No,Yes,No,No,One year,Yes,Credit card,98.49,5009.37,No
CUST0579,Male,0,Yes,Yes,0,Yes,No,Fiber optic,Yes,No,Yes,No,No,Yes,Month-to-month,No,Electronic check,100.77,0,Yes
CUST0580,Male,0,Yes,No,57,Yes,Yes,Fiber optic,Yes,Yes,No,Yes,No,Yes,Two year,No,Bank transfer,112.35,6426.05,No
CUST0581,Male,0,No,No,28,Yes,No,No,No internet service,No internet service,No internet service,No internet service,No internet service,No internet service,Month-to-month,Yes,Credit card,30.43,837.1,No
CUST0582,Female,1,No,No,42,Yes,No,DSL,Yes,No,No,No,No,No,Two year,Yes,Mailed check,50.69,2131.23,No
CUST0583,Female,1,No,No,5,Yes,No,DSL,No,Yes,No,No,Yes,Yes,One year,Yes,Mailed check,62.29,308.24,Yes
CUST0584,Female,0,No,No,10,No,No phone service,Fiber optic,No,Yes,No,Yes,Yes,No,Month-to-month,No,Credit card,89.51,914.61,No
CUST0585,Male,1,No,Yes,2,Yes,Yes,DSL,Yes,Yes,No,No,No,Yes,Month-to-month,No,Bank transfer,75.61,158.41,Yes
CUST0586,Female,0,No,No,0,Yes,Yes,DSL,Yes,Yes,Yes,No,No,No,One year,Yes,Bank transfer,77.2,18.73,No
CUST0587,Female,0,Yes,No,11,Yes,Yes,No,No internet service,No internet service,No internet service,No internet service,No internet service,No internet service,Month-to-month,Yes,Electronic check,41.39,458.94,No
CUST0588,Female,0,No,No,7,No,No phone service,DSL,Yes,No,No,No,No,No,One year,Yes,Bank transfer,45.07,296.1,No
CUST0589,Male,1,No,Yes,20,Yes,Yes,DSL,Yes,Yes,No,No,Yes,No,Month-to-month,Yes,Electronic check,69.48,1391.08,Yes
CUST0590,Female,0,No,No,72,No,No phone service,DSL,No,No,Yes,No,No,Yes,One year,Yes,Mailed check,55.23,3987.73,Yes
CUST0591,Male,0,Yes,No,14,Yes,No,Fiber optic,No,No,No,Yes,No,Yes,Two year,Yes,Mailed check,96.62,1316.6,No
CUST0592,Female,0,No,Yes,72,Yes,No,Fiber optic,No,No,Yes,Yes,Yes,Yes,One year,Yes,Mailed check,106.22,7617.42,No
CUST0593,Male,0,No,No,22,Yes,No,Fiber optic,Yes,Yes,Yes,Yes,No,No,Month-to-month,No,Bank transfer,97.18,2114.37,Yes
CUST0594,Male,0,No,No,37,Yes,No,DSL,Yes,No,Yes,Yes,Yes,Yes,Two year,Yes,Mailed check,76.2,2804.98,No
CUST0595,Female,0,Yes,Yes,0,Yes,Yes,Fiber optic,Yes,No,Yes,Yes,Yes,No,Month-to-month,No,Electronic check,113.36,9.43,No
CUST0596,Male,0,Yes,Yes,20,Yes,Yes,Fiber optic,No,Yes,No,Yes,Yes,No,One year,Yes,Electronic check,104.21,2079.45,No
CUST0597,Male,0,Yes,Yes,48,Yes,Yes,No,No internet service,No internet service,No internet service,No internet service,No internet service,No internet service,Two year,No,Electronic check,34.25,1619.07,No
CUST0598,Male,1,Yes,No,14,Yes,No,Fiber optic,No,Yes,Yes,Yes,Yes,Yes,One year,Yes,Mailed check,114.7,1587.8,Yes
CUST0599,Female,0,Yes,Yes,11,Yes,Yes,DSL,Yes,No,No,Yes,No,Yes,Month-to-month,Yes,Bank transfer,72.97,790.94,Yes
CUST0600,Female,1,No,No,14,Yes,Yes,No,No internet service,No internet service,No internet service,No internet service,No internet service,No internet service,Month-to-month,Yes,Credit card,43.8,632.66,No
CUST0601,Male,0,No,No,1,Yes,Yes,Fiber optic,No,Yes,Yes,No,No,No,Month-to-month,Yes,Electronic check,102.3,126.4,Yes
CUST0602,Female,0,No,No,1,Yes,Yes,DSL,No,No,No,No,No,Yes,One year,No,Bank transfer,62.72,65.25,Yes
CUST0603,Female,0,Yes,Yes,5,Yes,No,Fiber optic,No,Yes,Yes,No,Yes,No,Month-to-month,No,Electronic check,93.46,435.34,No
CUST0604,Male,1,Yes,No,38,Yes,No,DSL,Yes,Yes,Yes,No,Yes,No,Month-to-month,Yes,Credit card,75.22,2823.45,No
CUST0605,Male,1,Yes,No,44,Yes,No,Fiber optic,No,No,No,No,No,No,Month-to-month,No,Bank transfer,85.77,3767.15,Yes
CUST0606,Male,0,No,No,28,Yes,Yes,DSL,Yes,No,No,No,Yes,Yes,Two year,Yes,Electronic check,75.67,2083,No
CUST0607,Male,0,Yes,No,72,Yes,Yes,Fiber optic,Yes,No,No,Yes,No,Yes,One year,Yes,Credit card,110.11,7959.06,No
CUST0608,Female,0,Yes,No,9,Yes,No,No,No internet service,No internet service,No internet service,No internet service,No internet service,No internet service,One year,No,Bank transfer,31.62,330.14,Yes
CUST0609,Female,0,Yes,Yes,16,Yes,No,DSL,Yes,No,No,No,No,No,Month-to-month,No,Electronic check,54.23,850.78,Yes
CUST0610,Male,0,Yes,No,63,Yes,Yes,Fiber optic,No,No,Yes,No,No,No,Month-to-month,Yes,Credit card,101.25,6390.39,No
CUST0611,Female,0,No,No,43,Yes,Yes,Fiber optic,Yes,No,No,No,No,No,Month-to-month,No,Bank transfer,95.37,4101.56,No
CUST0612,Male,0,Yes,Yes,13,Yes,Yes,Fiber optic,No,No,Yes,No,No,Yes,Month-to-month,No,Bank transfer,107.97,1416.53,Yes
CUST0613,Female,0,No,Yes,50,Yes,No,Fiber optic,Yes,Yes,Yes,Yes,No,Yes,Month-to-month,Yes,Bank transfer,114.44,5729.22,No
CUST0614,Male,0,No,Yes,2,Yes,Yes,DSL,Yes,No,Yes,No,No,No,Month-to-month,No,Electronic check,69.57,110.49,No
CUST0615,Female,0,Yes,No,43,Yes,No,DSL,No,No,Yes,No,Yes,Yes,One year,No,Credit card,74.2,3163.45,No
CUST0616,Female,1,Yes,No,7,Yes,No,No,No internet service,No internet service,No internet service,No internet service,No internet service,No internet service,Month-to-month,No,Mailed check,35.4,266.66,No
CUST0617,Female,1,Yes,Yes,72,Yes,No,No,No internet service,No internet service,No internet service,No internet service,No internet service,No internet service,One year,No,Electronic check,25.6,1850.17,No
CUST0618,Female,1,No,No,13,Yes,Yes,Fiber optic,Yes,Yes,No,No,Yes,No,Two year,No,Mailed check,106.14,1416.79,Yes
CUST0619,Female,0,Yes,No,15,No,No phone service,Fiber optic,No,No,No,Yes,No,No,Month-to-month,No,Credit card,76.26,1144.77,No
CUST0620,Male,0,Yes,Yes,15,Yes,No,Fiber optic,Yes,No,No,No,Yes,Yes,One year,No,Credit card,95.04,1444.01,No
CUST0621,Male,0,Yes,Yes,25,Yes,No,Fiber optic,No,No,No,Yes,Yes,No,Two year,No,Bank transfer,94.37,2378.6,No
CUST0622,Male,0,No,No,41,Yes,Yes,Fiber optic,No,Yes,Yes,Yes,Yes,Yes,Two year,Yes,Bank transfer,116.3,4778.3,No
CUST0623,Female,0,No,Yes,58,Yes,No,Fiber optic,No,Yes,Yes,Yes,No,Yes,Month-to-month,Yes,Bank transfer,103.94,6052.1,Yes
CUST0624,Female,0,Yes,Yes,2,Yes,No,Fiber optic,Yes,Yes,Yes,No,No,Yes,Month-to-month,No,Bank transfer,102.54,195.37,Yes
CUST0625,Male,0,No,No,0,Yes,Yes,Fiber optic,Yes,Yes,Yes,No,No,Yes,Two year,Yes,Electronic check,107.21,0,No
CUST0626,Female,0,No,Yes,31,Yes,No,Fiber optic,Yes,No,Yes,Yes,Yes,Yes,One year,Yes,Bank transfer,104.71,3258.61,No
CUST0627,Female,0,No,Yes,27,Yes,No,No,No internet service,No internet service,No internet service,No internet service,No internet service,No internet service,One year,Yes,Credit card,31.62,879.42,No
CUST0628,Female,0,Yes,No,29,Yes,No,DSL,No,Yes,No,Yes,No,No,One year,No,Bank transfer,62.69,1833.14,No
CUST0629,Male,0,Yes,Yes,72,Yes,Yes,Fiber optic,No,No,No,No,Yes,Yes,Month-to-month,No,Credit card,98.77,7122.51,Yes
CUST0630,Male,0,No,No,5,Yes,No,Fiber optic,No,Yes,Yes,No,Yes,Yes,Month-to-month,No,Bank transfer,98.82,507.61,Yes
CUST0631,Female,0,Yes,No,21,Yes,Yes,DSL,No,No,No,No,No,Yes,Month-to-month,Yes,Bank transfer,69.15,1451.26,Yes
CUST0632,Male,0,No,No,19,Yes,No,No,No internet service,No internet service,No internet service,No internet service,No internet service,No internet service,Month-to-month,No,Credit card,33.45,640.86,Yes
CUST0633,Male,1,Yes,Yes,14,No,No phone service,Fiber optic,No,Yes,Yes,No,Yes,No,Month-to-month,No,Electronic check,87.05,1199.99,Yes
CUST0634,Male,0,Yes,Yes,2,Yes,Yes,No,No internet service,No internet service,No internet service,No internet service,No internet service,No internet service,Month-to-month,No,Bank transfer,39.74,61.52,Yes
CUST0635,Female,0,No,Yes,61,Yes,Yes,Fiber optic,No,Yes,No,No,Yes,Yes,One year,No,Bank transfer,117.86,7197.76,No
CUST0636,Male,0,No,No,0,Yes,No,No,No internet service,No internet service,No internet service,No internet service,No internet service,No internet service,One year,Yes,Electronic check,32.5,0,No
CUST0637,Male,1,Yes,Yes,72,Yes,No,DSL,Yes,No,Yes,Yes,No,No,Two year,No,Mailed check,71.08,5111.69,No
CUST0638,Male,0,No,No,13,Yes,Yes,DSL,Yes,Yes,No,No,No,Yes,One year,Yes,Mailed check,78.66,1020.29,No
CUST0639,Male,0,No,Yes,7,No,No phone service,Fiber optic,No,No,No,Yes,No,Yes,One year,Yes,Bank transfer,89.36,606.2,Yes
CUST0640,Male,0,No,No,3,Yes,Yes,DSL,No,Yes,Yes,No,No,Yes,One year,No,Mailed check,86.14,226.26,Yes
CUST0641,Female,0,No,No,7,Yes,Yes,No,No internet service,No internet service,No internet service,No internet service,No internet service,No internet service,Month-to-month,Yes,Credit card,42.26,271.24,No
CUST0642,Male,1,No,No,38,Yes,No,No,No internet service,No internet service,No internet service,No internet service,No internet service,No internet service,Two year,Yes,Credit card,27.47,1026.87,Yes
CUST0643,Female,0,No,No,11,Yes,Yes,DSL,Yes,Yes,Yes,No,Yes,No,Two year,No,Electronic check,77.12,884.73,Yes
CUST0644,Male,1,No,No,7,Yes,No,DSL,No,No,No,Yes,Yes,Yes,Month-to-month,No,Mailed check,73.63,518.14,No
CUST0645,Female,1,No,No,29,Yes,No,DSL,Yes,Yes,No,No,Yes,No,Month-to-month,Yes,Bank transfer,66.93,1944.89,Yes
CUST0646,Male,0,Yes,No,72,Yes,No,No,No internet service,No internet service,No internet service,No internet service,No internet service,No internet service,Month-to-month,No,Credit card,32.11,2338.12,No
CUST0647,Female,0,No,No,23,Yes,No,DSL,No,No,Yes,No,No,Yes,Month-to-month,No,Electronic check,61.33,1397.19,No
CUST0648,Male,0,Yes,Yes,16,Yes,Yes,No,No internet service,No internet service,No internet service,No internet service,No internet service,No internet service,Two year,Yes,Electronic check,36.67,607.45,No
CUST0649,Female,0,No,Yes,0,Yes,Yes,Fiber optic,No,No,Yes,No,Yes,No,Month-to-month,No,Credit card,102.92,0,Yes
CUST0650,Female,0,No,No,6,Yes,Yes,Fiber optic,Yes,Yes,No,Yes,Yes,No,Month-to-month,Yes,Mailed check,116.2,670.88,No
CUST0651,Female,0,Yes,Yes,7,Yes,Yes,Fiber optic,No,Yes,Yes,No,Yes,No,Month-to-month,Yes,Bank transfer,100.77,704.21,No
CUST0652,Male,0,No,No,15,Yes,No,Fiber optic,Yes,No,Yes,Yes,Yes,No,Two year,No,Credit card,103.87,1585.83,No
CUST0653,Female,0,Yes,No,16,Yes,Yes,Fiber optic,No,No,Yes,Yes,Yes,No,Month-to-month,No,Electronic check,106.76,1720.69,No
CUST0654,Male,0,No,No,18,Yes,Yes,Fiber optic,No,No,Yes,Yes,No,Yes,Month-to-month,Yes,Mailed check,103.45,1904.24,No
CUST0655,Male,0,No,Yes,12,No,No phone service,Fiber optic,No,No,Yes,Yes,No,No,Month-to-month,No,Bank transfer,80.72,969.35,No
CUST0656,Male,0,No,No,21,Yes,Yes,No,No internet service,No internet service,No internet service,No internet service,No internet service,No internet service,Month-to-month,No,Mailed check,31.71,680.54,No
CUST0657,Female,0,No,No,22,Yes,No,DSL,No,No,No,Yes,No,No,Month-to-month,Yes,Credit card,67.36,1467.93,No
CUST0658,Female,0,Yes,Yes,6,Yes,No,Fiber optic,No,Yes,Yes,No,Yes,No,Month-to-month,No,Credit card,99.59,602.4,Yes
CUST0659,Male,0,No,No,41,Yes,No,DSL,Yes,Yes,No,Yes,No,No,Two year,Yes,Electronic check,67.58,2773.25,No
CUST0660,Male,0,Yes,No,11,Yes,No,No,No internet service,No internet service,No internet service,No internet service,No internet service,No internet service,Month-to-month,Yes,Credit card,29.38,334.94,No
CUST0661,Female,0,No,No,57,Yes,No,No,No internet service,No internet service,No internet service,No internet service,No internet service,No internet service,Two year,Yes,Electronic check,26.96,1548.57,No
CUST0662,Male,1,No,No,72,Yes,Yes,DSL,Yes,No,Yes,Yes,No,No,Month-to-month,No,Credit card,87.37,6310.2,Yes
CUST0663,Female,1,No,Yes,3,Yes,No,Fiber optic,Yes,Yes,Yes,Yes,No,Yes,Two year,No,Electronic check,115.04,355.48,Yes
CUST0664,Male,0,No,No,16,Yes,Yes,Fiber optic,Yes,Yes,No,No,No,No,Month-to-month,No,Bank transfer,102.56,1672.73,Yes
CUST0665,Female,0,No,Yes,49,Yes,Yes,DSL,Yes,Yes,Yes,Yes,Yes,Yes,Two year,Yes,Electronic check,89.05,4364.13,No
CUST0666,Male,0,No,No,40,No,No phone service,Fiber optic,Yes,Yes,No,Yes,Yes,No,Month-to-month,No,Mailed check,92.23,3696.84,No
CUST0667,Female,0,No,Yes,12,Yes,Yes,No,No internet service,No internet service,No internet service,No internet service,No internet service,No internet service,Month-to-month,Yes,Mailed check,36.82,433.7,No
CUST0668,Male,0,No,No,2,Yes,No,Fiber optic,No,Yes,No,Yes,Yes,No,One year,No,Electronic check,103.31,181.32,Yes
CUST0669,Female,0,Yes,Yes,49,Yes,No,No,No internet service,No internet service,No internet service,No internet service,No internet service,No internet service,One year,No,Credit card,29,1400.42,No
CUST0670,Female,0,Yes,No,34,Yes,No,Fiber optic,No,No,Yes,Yes,Yes,No,Two year,No,Electronic check,100.11,3418.49,No
CUST0671,Female,0,No,No,45,Yes,No,Fiber optic,Yes,No,No,No,No,Yes,Month-to-month,Yes,Bank transfer,96.4,4343.83,Yes
CUST0672,Male,0,No,No,20,Yes,No,No,No internet service,No internet service,No internet service,No internet service,No internet service,No internet service,Month-to-month,No,Mailed check,26.33,520.41,Yes
CUST0673,Male,1,No,No,4,Yes,No,DSL,Yes,No,No,No,No,No,Month-to-month,Yes,Mailed check,62.43,210.73,Yes
CUST0674,Female,0,Yes,No,14,No,No phone service,Fiber optic,Yes,Yes,Yes,Yes,No,Yes,Month-to-month,No,Credit card,98.69,1349.74,No
CUST0675,Female,0,Yes,Yes,29,Yes,Yes,Fiber optic,Yes,No,No,No,Yes,Yes,One year,Yes,Electronic check,111.78,3203.34,Yes
CUST0676,Female,0,No,Yes,45,Yes,Yes,No,No internet service,No internet service,No internet service,No internet service,No internet service,No internet service,Month-to-month,Yes,Electronic check,33.3,1521.65,No
CUST0677,Male,0,No,Yes,16,Yes,No,DSL,No,No,Yes,No,Yes,Yes,Two year,Yes,Credit card,69.69,1119.86,No
CUST0678,Female,0,Yes,Yes,7,Yes,Yes,Fiber optic,Yes,Yes,Yes,Yes,Yes,No,Two year,Yes,Bank transfer,122.34,832.65,Yes
CUST0679,Female,0,No,Yes,72,Yes,Yes,Fiber optic,Yes,No,No,Yes,Yes,Yes,Month-to-month,No,Credit card,108.95,7835.11,Yes
CUST0680,Male,0,Yes,No,33,Yes,No,DSL,No,Yes,Yes,No,No,No,Month-to-month,No,Mailed check,64.01,2094.69,No
CUST0681,Male,0,No,No,15,Yes,Yes,DSL,Yes,No,No,No,No,No,Two year,Yes,Credit card,65.19,987.44,No
CUST0682,Male,0,Yes,Yes,23,No,No phone service,Fiber optic,Yes,No,No,No,Yes,No,Month-to-month,Yes,Credit card,89.35,2074.03,Yes
CUST0683,Male,0,Yes,Yes,4,Yes,No,DSL,No,No,No,No,No,Yes,Month-to-month,No,Mailed check,59.62,204.79,Yes
CUST0684,Female,1,No,Yes,3,Yes,Yes,Fiber optic,No,No,No,Yes,No,Yes,Month-to-month,Yes,Bank transfer,103.22,334.8,Yes
CUST0685,Female,0,Yes,No,4,Yes,Yes,DSL,Yes,No,No,Yes,Yes,Yes,One year,No,Mailed check,81.42,320.92,No
CUST0686,Female,0,No,No,37,Yes,Yes,DSL,Yes,No,No,No,Yes,Yes,Month-to-month,Yes,Credit card,82.97,3097.37,No
CUST0687,Female,1,Yes,No,28,Yes,No,DSL,Yes,Yes,No,No,No,Yes,Two year,No,Mailed check,66.14,1884.11,No
CUST0688,Male,0,No,Yes,70,Yes,Yes,DSL,No,No,Yes,Yes,No,No,Month-to-month,Yes,Electronic check,72.97,5094.75,Yes
CUST0689,Male,0,No,No,35,Yes,Yes,DSL,No,Yes,No,Yes,No,No,Month-to-month,No,Bank transfer,67.86,2367.63,No
CUST0690,Female,0,No,Yes,10,Yes,No,Fiber optic,No,No,Yes,Yes,Yes,No,Month-to-month,No,Mailed check,106.66,1029.38,No
CUST0691,Male,0,Yes,No,4,Yes,No,No,No internet service,No internet service,No internet service,No internet service,No internet service,No internet service,One year,Yes,Mailed check,34.45,145.12,No
CUST0692,Female,1,Yes,No,2,Yes,Yes,Fiber optic,Yes,No,No,Yes,Yes,Yes,One year,No,Bank transfer,107.31,221.91,No
CUST0693,Female,0,No,Yes,14,Yes,No,DSL,No,Yes,Yes,Yes,No,Yes,Month-to-month,No,Bank transfer,80.48,1082.89,No
CUST0694,Male,0,Yes,No,43,Yes,Yes,DSL,Yes,No,Yes,Yes,No,No,Two year,No,Credit card,78.02,3379.46,No
CUST0695,Female,0,No,No,24,Yes,No,No,No internet service,No internet service,No internet service,No internet service,No internet service,No internet service,Month-to-month,Yes,Mailed check,41.03,1008.71,No
CUST0696,Female,0,No,No,44,Yes,No,No,No internet service,No internet service,No internet service,No internet service,No internet service,No internet service,One year,Yes,Bank transfer,33.95,1513.19,No
CUST0697,Male,0,No,No,13,No,No phone service,Fiber optic,No,Yes,No,No,Yes,No,Month-to-month,No,Electronic check,87.62,1136.5,Yes
CUST0698,Male,1,Yes,No,51,Yes,Yes,DSL,Yes,Yes,Yes,Yes,No,Yes,One year,Yes,Mailed check,93.17,4737.9,No
CUST0699,Male,0,No,No,11,Yes,Yes,Fiber optic,Yes,No,Yes,No,No,Yes,Month-to-month,No,Electronic check,114.89,1266.11,Yes
CUST0700,Female,0,No,No,7,Yes,Yes,No,No internet service,No internet service,No internet service,No internet service,No internet service,No internet service,One year,No,Electronic check,47.29,350.45,Yes
CUST0701,Female,0,No,No,18,Yes,No,DSL,Yes,Yes,Yes,Yes,No,Yes,Month-to-month,Yes,Bank transfer,79.43,1441.08,No
CUST0702,Male,0,Yes,No,0,Yes,No,Fiber optic,Yes,Yes,No,Yes,Yes,Yes,Month-to-month,No,Credit card,114.04,0,Yes
CUST0703,Male,0,No,No,8,Yes,Yes,Fiber optic,No,No,No,No,Yes,Yes,One year,Yes,Mailed check,101.44,836.08,Yes
CUST0704,Male,0,No,No,21,Yes,No,DSL,Yes,No,Yes,No,No,No,Month-to-month,Yes,Credit card,65.38,1362.74,No
CUST0705,Male,1,No,No,14,No,No phone service,Fiber optic,Yes,Yes,No,Yes,Yes,Yes,Month-to-month,No,Credit card,92.03,1284.21,Yes
CUST0706,Female,0,Yes,Yes,20,Yes,Yes,DSL,No,Yes,Yes,No,No,Yes,Month-to-month,Yes,Credit card,80.46,1628.97,Yes
CUST0707,Female,1,Yes,Yes,58,Yes,Yes,DSL,No,No,No,No,No,Yes,One year,No,Electronic check,69.16,4029.31,No
CUST0708,Male,0,Yes,No,6,Yes,Yes,Fiber optic,No,Yes,Yes,No,No,Yes,One year,No,Bank transfer,103.63,641.03,No
CUST0709,Female,0,No,No,33,Yes,No,No,No internet service,No internet service,No internet service,No internet service,No internet service,No internet service,Month-to-month,Yes,Bank transfer,19.63,647.35,No
CUST0710,Female,1,Yes,No,27,Yes,No,DSL,Yes,Yes,Yes,No,Yes,Yes,Two year,Yes,Credit card,73.92,1973.41,No
CUST0711,Female,1,No,Yes,10,Yes,Yes,Fiber optic,Yes,Yes,No,Yes,No,No,Month-to-month,No,Credit card,98.49,959.9,No
CUST0712,Male,0,Yes,Yes,16,No,No phone service,Fiber optic,No,No,Yes,No,Yes,Yes,Month-to-month,Yes,Bank transfer,87.81,1372.44,Yes
CUST0713,Female,1,Yes,Yes,34,Yes,No,Fiber optic,Yes,Yes,No,No,Yes,No,One year,No,Mailed check,107.72,3664.19,No
CUST0714,Male,0,Yes,No,2,Yes,Yes,Fiber optic,No,No,Yes,Yes,Yes,Yes,Month-to-month,Yes,Electronic check,113.43,218.38,Yes
CUST0715,Male,1,No,No,1,Yes,Yes,No,No internet service,No internet service,No internet service,No internet service,No internet service,No internet service,Two year,No,Mailed check,28.9,14.78,No
CUST0716,Male,0,No,No,12,Yes,No,DSL,Yes,No,Yes,No,No,No,Month-to-month,No,Electronic check,66.57,801.44,Yes
CUST0717,Female,0,No,Yes,18,Yes,No,No,No internet service,No internet service,No internet service,No internet service,No internet service,No internet service,One year,Yes,Mailed check,35.14,642.55,No
CUST0718,Male,1,No,No,62,Yes,No,DSL,No,No,Yes,No,Yes,No,Month-to-month,Yes,Electronic check,66.23,4086.35,Yes
CUST0719,Male,0,No,Yes,5,Yes,Yes,No,No internet service,No internet service,No internet service,No internet service,No internet service,No internet service,Month-to-month,Yes,Mailed check,46.37,220.06,No
CUST0720,Male,0,No,No,5,No,No phone service,DSL,No,Yes,Yes,Yes,No,No,Month-to-month,Yes,Bank transfer,56.75,295.96,Yes
CUST0721,Female,0,Yes,Yes,0,Yes,No,No,No internet service,No internet service,No internet service,No internet service,No internet service,No internet service,One year,Yes,Bank transfer,28.31,2.76,No
CUST0722,Male,1,No,No,17,Yes,Yes,No,No internet service,No internet service,No internet service,No internet service,No internet service,No internet service,One year,Yes,Credit card,34.54,574,No
CUST0723,Male,0,No,Yes,72,Yes,Yes,No,No internet service,No internet service,No internet service,No internet service,No internet service,No internet service,Month-to-month,Yes,Electronic check,38.96,2829.09,No
CUST0724,Male,1,No,Yes,1,Yes,No,Fiber optic,Yes,Yes,Yes,No,Yes,No,Two year,No,Electronic check,116.38,99.34,Yes
CUST0725,Male,0,Yes,Yes,72,Yes,No,Fiber optic,No,No,Yes,No,Yes,Yes,Month-to-month,No,Credit card,100.69,7308.04,Yes
CUST0726,Female,0,No,No,17,Yes,Yes,DSL,No,Yes,No,No,Yes,Yes,One year,Yes,Electronic check,73.59,1279.11,Yes
CUST0727,Male,0,Yes,Yes,72,Yes,No,DSL,No,No,No,No,Yes,Yes,Month-to-month,Yes,Electronic check,59.26,4271.84,Yes
CUST0728,Male,0,Yes,No,19,Yes,No,Fiber optic,No,No,Yes,Yes,No,No,One year,No,Bank transfer,97.3,1853.23,No
CUST0729,Female,0,Yes,Yes,20,Yes,Yes,No,No internet service,No internet service,No internet service,No internet service,No internet service,No internet service,One year,Yes,Electronic check,39.27,772.96,No
CUST0730,Female,0,No,Yes,5,Yes,Yes,Fiber optic,Yes,Yes,Yes,No,Yes,No,Month-to-month,No,Bank transfer,118.15,584.01,No
CUST0731,Female,0,No,Yes,6,No,No phone service,Fiber optic,No,No,Yes,Yes,No,Yes,Month-to-month,No,Mailed check,81.45,513.3,No
CUST0732,Male,0,Yes,Yes,2,Yes,No,Fiber optic,Yes,Yes,No,No,No,Yes,Two year,No,Mailed check,103.8,199.72,No
CUST0733,Male,0,No,Yes,2,Yes,Yes,DSL,Yes,No,Yes,Yes,Yes,No,Month-to-month,No,Mailed check,91.92,184.11,Yes
CUST0734,Female,0,Yes,Yes,15,Yes,Yes,No,No internet service,No internet service,No internet service,No internet service,No internet service,No internet service,Month-to-month,Yes,Bank transfer,41,634.16,No
CUST0735,Male,0,Yes,No,12,Yes,Yes,Fiber optic,No,Yes,Yes,Yes,Yes,Yes,Month-to-month,No,Electronic check,111.01,1356.17,No
CUST0736,Male,0,Yes,No,2,Yes,Yes,Fiber optic,No,Yes,No,No,Yes,No,Two year,No,Mailed check,107.86,215.45,Yes
CUST0737,Female,0,Yes,Yes,54,Yes,Yes,Fiber optic,Yes,Yes,Yes,No,No,No,Two year,No,Mailed check,103.17,5560.41,No
CUST0738,Male,0,Yes,No,6,Yes,Yes,DSL,No,Yes,Yes,No,Yes,No,Month-to-month,Yes,Electronic check,69.86,459.61,Yes
CUST0739,Female,0,Yes,Yes,53,Yes,No,DSL,No,No,No,Yes,No,No,One year,No,Credit card,65.46,3458.42,No
CUST0740,Female,0,No,Yes,46,Yes,No,DSL,Yes,Yes,Yes,Yes,No,Yes,One year,No,Mailed check,90.57,4173.72,No
CUST0741,Female,1,No,No,28,Yes,No,Fiber optic,Yes,No,No,Yes,Yes,Yes,Month-to-month,No,Credit card,101.12,2832.94,No
CUST0742,Female,0,Yes,Yes,27,Yes,No,Fiber optic,No,No,No,No,No,No,One year,No,Credit card,78.92,2158.11,No
CUST0743,Female,0,No,No,32,Yes,No,DSL,Yes,Yes,No,Yes,No,Yes,Month-to-month,No,Electronic check,85.07,2733.49,No
CUST0744,Female,0,Yes,No,6,Yes,Yes,No,No internet service,No internet service,No internet service,No internet service,No internet service,No internet service,Two year,Yes,Electronic check,33.89,199.94,No
CUST0745,Male,0,No,No,35,Yes,Yes,No,No internet service,No internet service,No internet service,No internet service,No internet service,No internet service,Month-to-month,Yes,Bank transfer,33.97,1192.72,Yes
CUST0746,Male,0,No,No,39,Yes,No,DSL,No,No,Yes,Yes,No,Yes,Two year,No,Bank transfer,65.08,2529.09,No
CUST0747,Female,1,No,Yes,6,No,No phone service,DSL,No,Yes,No,Yes,No,Yes,Month-to-month,Yes,Mailed check,65.42,396.73,No
CUST0748,Female,1,Yes,No,27,Yes,No,No,No internet service,No internet service,No internet service,No internet service,No internet service,No internet service,Month-to-month,No,Electronic check,32.38,839.32,Yes
CUST0749,Female,0,Yes,No,0,Yes,No,No,No internet service,No internet service,No internet service,No internet service,No internet service,No internet service,One year,Yes,Credit card,26.14,0,Yes
CUST0750,Female,0,Yes,No,37,No,No phone service,No,No internet service,No internet service,No internet service,No internet service,No internet service,No internet service,Month-to-month,Yes,Mailed check,18.26,691.04,Yes
CUST0751,Female,1,Yes,No,24,Yes,No,Fiber optic,No,Yes,No,No,No,No,Month-to-month,No,Electronic check,88.35,2153.9,No
CUST0752,Male,0,Yes,Yes,10,Yes,No,Fiber optic,No,No,Yes,No,Yes,No,Month-to-month,Yes,Credit card,98.07,988.21,No
CUST0753,Male,0,No,No,19,Yes,No,DSL,No,Yes,Yes,Yes,Yes,Yes,Month-to-month,No,Electronic check,78.26,1447.78,Yes
CUST0754,Male,1,Yes,Yes,9,Yes,No,Fiber optic,No,Yes,Yes,No,Yes,No,Month-to-month,Yes,Bank transfer,98.82,882.83,Yes
CUST0755,Male,0,Yes,No,38,Yes,No,Fiber optic,No,Yes,Yes,Yes,No,No,Month-to-month,Yes,Credit card,105.36,3989.32,Yes
CUST0756,Male,0,Yes,Yes,38,Yes,No,DSL,No,No,Yes,No,Yes,No,Month-to-month,No,Mailed check,64.21,2477.05,No
CUST0757,Male,1,Yes,No,72,Yes,Yes,No,No internet service,No internet service,No internet service,No internet service,No internet service,No internet service,Month-to-month,No,Mailed check,41.3,2952.14,Yes
CUST0758,Female,1,No,Yes,17,No,No phone service,No,No internet service,No internet service,No internet service,No internet service,No internet service,No internet service,Month-to-month,No,Credit card,26.76,424.67,Yes
CUST0759,Male,1,Yes,No,59,Yes,No,DSL,No,No,No,Yes,No,Yes,Month-to-month,Yes,Credit card,58.35,3399.09,No
CUST0760,Female,0,No,No,64,No,No phone service,Fiber optic,Yes,Yes,No,Yes,Yes,Yes,Month-to-month,No,Bank transfer,105.46,6719.91,Yes
CUST0761,Male,1,Yes,No,24,Yes,No,No,No internet service,No internet service,No internet service,No internet service,No internet service,No internet service,Two year,Yes,Bank transfer,30.31,711.19,No
CUST0762,Male,0,Yes,No,4,Yes,No,No,No internet service,No internet service,No internet service,No internet service,No internet service,No internet service,Month-to-month,No,Mailed check,31.04,109.7,Yes
CUST0763,Female,1,Yes,Yes,13,Yes,No,DSL,Yes,Yes,No,No,No,No,One year,Yes,Credit card,69.39,886.66,Yes
CUST0764,Male,0,Yes,No,15,No,No phone service,No,No internet service,No internet service,No internet service,No internet service,No internet service,No internet service,Month-to-month,Yes,Mailed check,18,262.08,No
CUST0765,Female,0,No,No,63,Yes,No,Fiber optic,No,Yes,Yes,Yes,No,Yes,Two year,No,Bank transfer,101.14,6336.34,No
CUST0766,Male,0,Yes,Yes,0,Yes,Yes,DSL,Yes,No,Yes,No,Yes,Yes,Month-to-month,Yes,Bank transfer,86.44,0,No
CUST0767,Male,0,No,No,72,Yes,No,DSL,Yes,Yes,Yes,Yes,No,Yes,Month-to-month,Yes,Credit card,77.92,5587.72,No
CUST0768,Female,0,No,No,65,Yes,Yes,DSL,Yes,Yes,No,Yes,Yes,No,One year,Yes,Mailed check,80.79,5253.57,No
CUST0769,Male,0,Yes,No,28,Yes,Yes,DSL,Yes,No,Yes,Yes,Yes,Yes,Month-to-month,Yes,Mailed check,82.82,2314.89,No
CUST0770,Male,0,No,No,34,Yes,Yes,DSL,No,No,Yes,Yes,No,No,Two year,Yes,Mailed check,74.95,2564.82,Yes
CUST0771,Male,0,Yes,No,34,Yes,No,DSL,Yes,Yes,No,No,Yes,No,Two year,Yes,Credit card,56.9,1908.79,Yes
CUST0772,Male,0,Yes,No,10,Yes,No,Fiber optic,Yes,Yes,Yes,No,No,No,One year,Yes,Mailed check,100.21,1014.06,No
CUST0773,Female,1,Yes,No,24,Yes,No,DSL,Yes,No,Yes,No,No,Yes,Two year,No,Electronic check,77.04,1824.79,No
CUST0774,Female,0,No,No,1,Yes,Yes,Fiber optic,Yes,Yes,Yes,Yes,No,Yes,Month-to-month,No,Mailed check,121.52,132.18,No
CUST0775,Male,0,Yes,Yes,5,Yes,No,No,No internet service,No internet service,No internet service,No internet service,No internet service,No internet service,Two year,No,Bank transfer,27.58,154.74,No
CUST0776,Male,0,Yes,No,4,Yes,Yes,No,No internet service,No internet service,No internet service,No internet service,No internet service,No internet service,Month-to-month,Yes,Mailed check,36.86,144.6,No
CUST0777,Female,0,No,No,58,Yes,Yes,Fiber optic,No,No,Yes,No,No,Yes,Month-to-month,Yes,Bank transfer,105.21,6093.83,No
CUST0778,Female,0,Yes,Yes,11,Yes,Yes,DSL,Yes,Yes,No,No,Yes,No,Month-to-month,Yes,Electronic check,74.66,805.63,No
CUST0779,Female,0,Yes,Yes,5,Yes,Yes,No,No internet service,No internet service,No internet service,No internet service,No internet service,No internet service,Month-to-month,Yes,Mailed check,36.9,171.61,No
CUST0780,Male,0,Yes,Yes,40,No,No phone service,No,No internet service,No internet service,No internet service,No internet service,No internet service,No internet service,One year,Yes,Mailed check,18,719.83,No
CUST0781,Male,0,No,Yes,26,Yes,No,Fiber optic,No,Yes,Yes,Yes,No,Yes,One year,Yes,Bank transfer,111.12,2885.17,No
CUST0782,Female,0,No,No,26,Yes,Yes,Fiber optic,No,No,Yes,No,No,No,One year,Yes,Credit card,105.26,2721.97,Yes
CUST0783,Female,0,No,No,50,Yes,No,No,No internet service,No internet service,No internet service,No internet service,No internet service,No internet service,Month-to-month,Yes,Credit card,24.77,1237.97,No
CUST0784,Male,0,No,No,58,No,No phone service,Fiber optic,No,Yes,No,Yes,Yes,No,One year,No,Credit card,87.77,5097.41,No
CUST0785,Female,0,No,No,4,Yes,No,Fiber optic,No,No,Yes,No,Yes,No,Month-to-month,Yes,Mailed check,91.66,370.51,Yes
CUST0786,Male,0,Yes,Yes,20,Yes,No,Fiber optic,No,No,No,No,No,No,One year,No,Bank transfer,90.84,1802.32,No
CUST0787,Male,0,No,No,0,Yes,Yes,Fiber optic,Yes,No,Yes,Yes,No,No,Month-to-month,No,Credit card,109.12,10.04,Yes
CUST0788,Female,0,Yes,No,21,Yes,No,DSL,Yes,Yes,No,Yes,No,Yes,Month-to-month,Yes,Bank transfer,67.78,1437.12,Yes
CUST0789,Female,0,Yes,No,6,Yes,Yes,Fiber optic,Yes,Yes,Yes,Yes,No,No,One year,Yes,Mailed check,112.16,688.33,Yes
CUST0790,Female,0,Yes,No,57,Yes,No,DSL,No,No,No,No,Yes,Yes,One year,No,Mailed check,69.28,3951.98,Yes
CUST0791,Female,0,Yes,No,50,Yes,No,Fiber optic,Yes,Yes,No,Yes,Yes,Yes,Month-to-month,No,Credit card,105.32,5242.32,No
CUST0792,Female,0,No,No,26,Yes,Yes,Fiber optic,Yes,No,Yes,Yes,Yes,No,One year,Yes,Electronic check,114.64,2999.69,No
CUST0793,Female,0,Yes,Yes,69,Yes,Yes,Fiber optic,Yes,Yes,Yes,No,No,No,Month-to-month,Yes,Mailed check,108.76,7510.41,No
CUST0794,Male,0,No,No,23,Yes,Yes,DSL,No,Yes,No,Yes,No,Yes,Two year,Yes,Credit card,76.4,1768.06,No
CUST0795,Female,0,Yes,Yes,14,Yes,Yes,Fiber optic,No,Yes,Yes,Yes,Yes,Yes,One year,No,Bank transfer,126.86,1751.6,No
CUST0796,Female,0,No,Yes,47,Yes,No,DSL,No,No,No,No,No,Yes,Month-to-month,No,Credit card,65.05,3056.46,Yes
CUST0797,Female,0,Yes,No,2,Yes,No,No,No internet service,No internet service,No internet service,No internet service,No internet service,No internet service,One year,Yes,Electronic check,30.04,30.51,Yes
CUST0798,Female,0,No,No,35,Yes,Yes,No,No internet service,No internet service,No internet service,No internet service,No internet service,No internet service,One year,Yes,Electronic check,38.19,1288.88,No
CUST0799,Female,0,Yes,No,15,Yes,No,DSL,No,No,Yes,Yes,No,Yes,Two year,No,Electronic check,64.58,971.15,No
CUST0800,Female,1,No,No,11,Yes,Yes,Fiber optic,No,No,Yes,No,No,No,Month-to-month,Yes,Credit card,95.18,1017.1,Yes
CUST0801,Female,0,Yes,Yes,14,Yes,Yes,DSL,Yes,No,Yes,No,No,Yes,Month-to-month,No,Electronic check,79.66,1094.3,No
CUST0802,Female,0,Yes,Yes,66,No,No phone service,No,No internet service,No internet service,No internet service,No internet service,No internet service,No internet service,Month-to-month,Yes,Mailed check,18,1173.1,No
CUST0803,Male,1,Yes,No,47,Yes,Yes,No,No internet service,No internet service,No internet service,No internet service,No internet service,No internet service,Month-to-month,Yes,Bank transfer,37.87,1775.55,Yes
CUST0804,Female,0,No,No,15,Yes,Yes,No,No internet service,No internet service,No internet service,No internet service,No internet service,No internet service,One year,No,Credit card,44.4,660.71,No
CUST0805,Male,0,Yes,No,18,Yes,Yes,DSL,No,Yes,Yes,No,No,No,One year,No,Mailed check,72.33,1304.81,No
CUST0806,Male,1,No,No,7,No,No phone service,DSL,Yes,No,Yes,Yes,Yes,No,One year,Yes,Electronic check,62.83,474.25,Yes
CUST0807,Female,0,Yes,No,26,Yes,No,No,No internet service,No internet service,No internet service,No internet service,No internet service,No internet service,Month-to-month,Yes,Bank transfer,27.76,697.46,No
CUST0808,Male,0,Yes,No,9,No,No phone service,Fiber optic,No,No,No,Yes,Yes,Yes,Month-to-month,No,Electronic check,95.11,852.18,Yes
CUST0809,Female,0,No,No,22,Yes,Yes,DSL,No,Yes,No,No,Yes,No,Month-to-month,Yes,Electronic check,66.77,1479.39,Yes
CUST0810,Female,0,No,No,71,Yes,Yes,Fiber optic,No,No,Yes,No,No,No,Month-to-month,Yes,Bank transfer,97.91,6932.08,Yes
CUST0811,Male,1,Yes,Yes,4,Yes,Yes,Fiber optic,Yes,No,No,No,Yes,Yes,One year,No,Bank transfer,107.02,407.23,Yes
CUST0812,Female,1,No,Yes,58,Yes,No,DSL,No,No,Yes,No,No,Yes,One year,No,Electronic check,55.48,3222.99,Yes
CUST0813,Male,0,No,No,0,Yes,Yes,Fiber optic,No,No,Yes,Yes,No,No,Two year,No,Mailed check,104.03,0,No
CUST0814,Male,0,Yes,Yes,1,Yes,Yes,DSL,No,Yes,Yes,No,No,Yes,One year,Yes,Electronic check,79.54,53.48,Yes
CUST0815,Female,1,No,No,17,Yes,Yes,DSL,Yes,Yes,No,No,Yes,No,Month-to-month,Yes,Electronic check,82.25,1372.76,Yes
CUST0816,Male,1,Yes,No,12,Yes,No,Fiber optic,No,Yes,No,Yes,No,No,Month-to-month,No,Credit card,93.35,1086.23,Yes
CUST0817,Female,0,Yes,Yes,67,Yes,Yes,DSL,Yes,Yes,No,Yes,Yes,No,Month-to-month,No,Electronic check,76.72,5143.61,No
CUST0818,Male,1,No,No,5,Yes,No,Fiber optic,No,No,Yes,Yes,No,Yes,Month-to-month,Yes,Credit card,105.89,532.18,Yes
CUST0819,Male,0,No,No,20,Yes,No,No,No internet service,No internet service,No internet service,No internet service,No internet service,No internet service,One year,Yes,Electronic check,26.09,527,No
CUST0820,Male,0,Yes,Yes,1,Yes,Yes,Fiber optic,Yes,No,No,Yes,Yes,Yes,One year,Yes,Mailed check,112.29,95.43,Yes
CUST0821,Male,1,No,No,27,Yes,Yes,DSL,Yes,Yes,No,No,Yes,No,Two year,Yes,Mailed check,75.02,1992.05,No
CUST0822,Female,0,Yes,No,39,Yes,No,DSL,Yes,No,No,No,Yes,Yes,Month-to-month,Yes,Mailed check,64.48,2531.13,Yes
CUST0823,Male,0,Yes,Yes,20,Yes,No,Fiber optic,Yes,Yes,Yes,No,No,Yes,Month-to-month,No,Electronic check,106.79,2111.87,Yes
CUST0824,Female,0,No,No,41,Yes,No,Fiber optic,Yes,No,No,Yes,No,No,Month-to-month,Yes,Mailed check,90.55,3725.1,No
CUST0825,Male,0,No,No,15,Yes,Yes,DSL,No,Yes,No,Yes,No,No,Month-to-month,No,Electronic check,79.22,1212.86,Yes
CUST0826,Male,0,Yes,No,5,Yes,Yes,DSL,Yes,No,Yes,No,Yes,No,Two year,No,Bank transfer,74.71,359.6,Yes
CUST0827,Male,0,Yes,No,24,Yes,Yes,DSL,Yes,No,Yes,No,Yes,Yes,One year,Yes,Bank transfer,89.36,2125.04,No
CUST0828,Female,0,Yes,No,25,Yes,No,Fiber optic,No,Yes,Yes,Yes,No,No,Month-to-month,Yes,Bank transfer,103.36,2553.99,No
CUST0829,Female,1,No,No,12,Yes,Yes,DSL,No,Yes,Yes,Yes,Yes,No,Month-to-month,No,Electronic check,86.57,1034.27,Yes
CUST0830,Female,0,Yes,No,11,Yes,No,Fiber optic,Yes,No,No,No,No,No,One year,No,Mailed check,95.11,1035.54,Yes
CUST0831,Female,1,Yes,No,17,Yes,No,Fiber optic,No,Yes,Yes,Yes,Yes,Yes,One year,Yes,Electronic check,100.05,1687.35,Yes
CUST0832,Male,0,No,No,12,Yes,No,Fiber optic,Yes,No,Yes,No,No,Yes,Two year,No,Electronic check,106.29,1283.6,Yes
CUST0833,Male,0,Yes,No,9,Yes,No,No,No internet service,No internet service,No internet service,No internet service,No internet service,No internet service,Month-to-month,Yes,Electronic check,33.23,277.09,No
CUST0834,Female,0,Yes,Yes,3,Yes,Yes,Fiber optic,Yes,No,Yes,No,Yes,No,Two year,No,Credit card,99.24,280.51,No
CUST0835,Male,1,No,No,72,Yes,Yes,DSL,No,Yes,Yes,No,No,No,One year,No,Bank transfer,70.17,5069.16,Yes
CUST0836,Male,0,Yes,No,1,Yes,Yes,Fiber optic,No,Yes,No,No,Yes,No,One year,Yes,Credit card,98.8,125.24,No
CUST0837,Female,0,No,No,24,Yes,No,DSL,Yes,Yes,No,Yes,No,No,Month-to-month,Yes,Electronic check,70.01,1649.35,No
CUST0838,Female,0,No,No,10,Yes,Yes,Fiber optic,Yes,Yes,No,Yes,No,Yes,Month-to-month,Yes,Bank transfer,113.67,1123.73,No
CUST0839,Male,0,No,Yes,36,Yes,No,No,No internet service,No internet service,No internet service,No internet service,No internet service,No internet service,One year,No,Bank transfer,29.38,1069.73,No
CUST0840,Female,0,No,No,14,Yes,Yes,Fiber optic,No,Yes,No,No,Yes,Yes,Month-to-month,No,Credit card,111.01,1570.04,No
CUST0841,Male,0,No,No,16,Yes,Yes,No,No internet service,No internet service,No internet service,No internet service,No internet service,No internet service,Month-to-month,Yes,Mailed check,41.43,619.81,Yes
CUST0842,Female,0,Yes,Yes,0,Yes,No,Fiber optic,No,No,Yes,Yes,Yes,No,One year,No,Electronic check,101.2,9.73,No
CUST0843,Female,0,No,Yes,3,Yes,No,Fiber optic,Yes,No,No,No,Yes,Yes,Month-to-month,Yes,Electronic check,100.83,337.41,Yes
CUST0844,Male,0,Yes,No,43,Yes,Yes,No,No internet service,No internet service,No internet service,No internet service,No internet service,No internet service,Month-to-month,Yes,Electronic check,42.69,1811.21,Yes
CUST0845,Female,0,No,No,9,Yes,Yes,DSL,No,No,No,No,No,Yes,One year,No,Mailed check,62.43,549.25,No
CUST0846,Male,0,Yes,Yes,55,Yes,No,DSL,Yes,No,Yes,No,Yes,No,Month-to-month,Yes,Mailed check,75.7,4146.76,No
CUST0847,Male,0,Yes,Yes,47,Yes,Yes,DSL,Yes,No,Yes,No,Yes,Yes,One year,No,Electronic check,93.89,4416.72,No
CUST0848,Male,0,Yes,Yes,55,Yes,No,Fiber optic,No,No,Yes,Yes,No,No,One year,No,Electronic check,93.41,5139.88,Yes
CUST0849,Female,0,Yes,No,1,Yes,Yes,Fiber optic,No,No,No,No,No,Yes,Month-to-month,No,Electronic check,89.83,81.33,Yes
CUST0850,Male,0,Yes,Yes,17,Yes,Yes,DSL,No,Yes,No,No,No,Yes,One year,No,Mailed check,77.1,1327.05,No
CUST0851,Female,0,No,No,24,Yes,No,Fiber optic,No,No,Yes,Yes,Yes,Yes,One year,No,Bank transfer,93.8,2251.31,No
CUST0852,Female,0,No,No,49,Yes,Yes,Fiber optic,No,Yes,No,Yes,Yes,Yes,One year,Yes,Electronic check,113.37,5575.64,No
CUST0853,Male,0,Yes,No,33,No,No phone service,DSL,Yes,Yes,No,No,No,Yes,Month-to-month,Yes,Electronic check,60.25,2002.7,No
CUST0854,Male,0,Yes,No,2,Yes,No,Fiber optic,No,No,No,Yes,No,Yes,Month-to-month,No,Credit card,99.34,188.73,Yes
CUST0855,Male,1,Yes,No,7,Yes,Yes,No,No internet service,No internet service,No internet service,No internet service,No internet service,No internet service,One year,No,Electronic check,46.54,310.36,No
CUST0856,Male,0,Yes,No,72,Yes,No,Fiber optic,Yes,Yes,No,No,No,No,Month-to-month,No,Mailed check,102.74,7403.68,No
CUST0857,Male,1,Yes,Yes,0,Yes,Yes,DSL,Yes,No,No,No,Yes,No,Month-to-month,No,Electronic check,74.32,0,Yes
CUST0858,Male,1,Yes,Yes,0,Yes,Yes,No,No internet service,No internet service,No internet service,No internet service,No internet service,No internet service,Month-to-month,No,Electronic check,37.19,0,No
CUST0859,Male,0,No,No,3,Yes,Yes,No,No internet service,No internet service,No internet service,No internet service,No internet service,No internet service,Month-to-month,No,Electronic check,41.53,129.15,Yes
CUST0860,Male,0,Yes,Yes,1,Yes,Yes,DSL,No,No,No,Yes,No,Yes,One year,No,Bank transfer,71.28,33.84,No
CUST0861,Female,0,Yes,Yes,32,Yes,No,Fiber optic,Yes,No,Yes,No,Yes,Yes,Month-to-month,No,Bank transfer,101.19,3245.79,Yes
CUST0862,Male,0,No,No,7,Yes,Yes,No,No internet service,No internet service,No internet service,No internet service,No internet service,No internet service,Month-to-month,No,Bank transfer,34.19,243.54,No
CUST0863,Male,0,No,No,23,Yes,Yes,Fiber optic,No,Yes,No,No,Yes,No,Month-to-month,Yes,Credit card,103.16,2409.01,No
CUST0864,Male,0,No,No,9,Yes,Yes,DSL,Yes,Yes,No,Yes,No,Yes,Two year,No,Mailed check,83.22,768.1,No
CUST0865,Male,0,No,No,0,No,No phone service,Fiber optic,Yes,Yes,Yes,Yes,No,Yes,Month-to-month,No,Credit card,106.64,44.18,Yes
CUST0866,Male,0,Yes,Yes,25,Yes,Yes,DSL,No,No,Yes,Yes,Yes,Yes,Two year,Yes,Mailed check,80.56,2001.69,No
CUST0867,Male,0,No,Yes,72,Yes,Yes,DSL,Yes,Yes,Yes,No,Yes,Yes,Month-to-month,Yes,Credit card,91.62,6605.61,Yes
CUST0868,Female,0,Yes,No,6,Yes,No,DSL,No,Yes,Yes,Yes,No,Yes,Month-to-month,Yes,Electronic check,75.46,421.47,Yes
CUST0869,Male,1,No,No,20,Yes,Yes,Fiber optic,No,Yes,Yes,Yes,Yes,Yes,Month-to-month,No,Credit card,116.18,2357.82,No
CUST0870,Male,1,No,No,19,Yes,No,DSL,Yes,No,Yes,No,Yes,Yes,Month-to-month,Yes,Electronic check,76.69,1451.84,Yes
CUST0871,Female,0,No,No,28,Yes,Yes,No,No internet service,No internet service,No internet service,No internet service,No internet service,No internet service,One year,No,Electronic check,34.36,960.05,No
CUST0872,Female,0,Yes,Yes,22,Yes,Yes,Fiber optic,Yes,No,No,Yes,No,Yes,Month-to-month,No,Bank transfer,112.91,2497.41,Yes
CUST0873,Female,0,Yes,No,13,Yes,No,DSL,No,No,Yes,Yes,Yes,Yes,Month-to-month,No,Mailed check,67.62,899.51,No
CUST0874,Female,0,No,No,10,Yes,No,No,No internet service,No internet service,No internet service,No internet service,No internet service,No internet service,Month-to-month,Yes,Electronic check,41.46,451.95,No
CUST0875,Female,0,No,No,1,Yes,Yes,Fiber optic,Yes,No,Yes,Yes,No,No,Month-to-month,No,Credit card,105.48,116.69,Yes
CUST0876,Female,0,No,No,3,Yes,No,No,No internet service,No internet service,No internet service,No internet service,No internet service,No internet service,Month-to-month,No,Mailed check,36,107.35,No
CUST0877,Male,0,No,No,51,Yes,No,DSL,No,No,Yes,No,Yes,No,Month-to-month,Yes,Electronic check,62.72,3224.41,Yes
CUST0878,Male,1,No,No,18,Yes,Yes,DSL,Yes,Yes,No,No,Yes,Yes,Month-to-month,Yes,Bank transfer,79.22,1433.17,Yes
CUST0879,Female,0,Yes,No,25,Yes,No,DSL,Yes,No,Yes,Yes,Yes,Yes,Month-to-month,Yes,Electronic check,76.98,1934.46,No
CUST0880,Male,0,No,No,9,Yes,Yes,DSL,No,No,Yes,Yes,Yes,No,Month-to-month,Yes,Electronic check,68.98,642.68,No
CUST0881,Male,0,No,No,55,Yes,Yes,Fiber optic,Yes,Yes,Yes,Yes,No,Yes,Month-to-month,Yes,Credit card,125.08,6894.86,No
CUST0882,Male,0,No,No,1,Yes,No,DSL,No,No,No,Yes,No,Yes,Two year,Yes,Electronic check,75.18,82.34,No
CUST0883,Male,0,Yes,Yes,0,Yes,Yes,DSL,No,No,No,No,No,Yes,Month-to-month,No,Mailed check,79.96,0,Yes
CUST0884,Female,0,Yes,No,0,Yes,Yes,No,No internet service,No internet service,No internet service,No internet service,No internet service,No internet service,Two year,Yes,Credit card,32.8,8.42,No
CUST0885,Male,0,Yes,No,4,No,No phone service,Fiber optic,Yes,Yes,No,No,No,No,One year,No,Mailed check,80.41,334.46,Yes
CUST0886,Male,0,No,No,13,Yes,No,Fiber optic,Yes,No,Yes,Yes,Yes,No,Month-to-month,No,Electronic check,107.53,1406.61,No
CUST0887,Male,0,No,No,9,Yes,Yes,DSL,Yes,Yes,Yes,Yes,No,Yes,Month-to-month,Yes,Electronic check,92.4,829.67,Yes
CUST0888,Male,0,No,No,2,No,No phone service,Fiber optic,Yes,Yes,No,Yes,Yes,No,Month-to-month,Yes,Bank transfer,90.95,199.04,No
CUST0889,Male,0,No,No,14,Yes,No,DSL,No,Yes,No,No,No,Yes,One year,Yes,Bank transfer,64.24,930.27,No
CUST0890,Female,0,Yes,Yes,53,Yes,Yes,No,No internet service,No internet service,No internet service,No internet service,No internet service,No internet service,Two year,No,Credit card,30.87,1626.65,No
CUST0891,Male,0,No,No,17,Yes,Yes,Fiber optic,Yes,No,Yes,Yes,Yes,Yes,One year,Yes,Mailed check,115.78,1962.49,No
CUST0892,Female,0,No,No,46,Yes,Yes,No,No internet service,No internet service,No internet service,No internet service,No internet service,No internet service,Two year,No,Bank transfer,35.84,1684.79,No
CUST0893,Female,0,No,Yes,49,Yes,Yes,DSL,No,Yes,Yes,Yes,Yes,No,Month-to-month,Yes,Electronic check,83.16,4076.35,No
CUST0894,Male,0,No,No,6,Yes,Yes,Fiber optic,No,Yes,No,No,Yes,No,One year,Yes,Electronic check,102.93,610.73,Yes
CUST0895,Female,0,No,No,13,Yes,No,Fiber optic,Yes,Yes,Yes,No,No,No,One year,No,Credit card,97.44,1280.38,No
CUST0896,Male,0,Yes,No,11,Yes,Yes,DSL,No,No,No,No,Yes,No,Month-to-month,No,Bank transfer,66.71,730.05,No
CUST0897,Female,0,Yes,No,72,Yes,No,DSL,No,Yes,Yes,Yes,Yes,Yes,Two year,Yes,Bank transfer,79.14,5720.05,No
CUST0898,Female,1,Yes,No,18,No,No phone service,DSL,Yes,Yes,No,No,Yes,No,Month-to-month,No,Credit card,70.29,1236.45,No
CUST0899,Female,1,Yes,Yes,11,Yes,Yes,No,No internet service,No internet service,No internet service,No internet service,No internet service,No internet service,One year,Yes,Credit card,37.88,388.24,No
CUST0900,Female,0,Yes,No,16,Yes,No,No,No internet service,No internet service,No internet service,No internet service,No internet service,No internet service,One year,Yes,Bank transfer,22.05,339.51,No
CUST0901,Female,0,No,Yes,18,Yes,Yes,Fiber optic,No,Yes,No,No,Yes,Yes,Month-to-month,No,Mailed check,101.55,1846.36,Yes
CUST0902,Male,0,No,No,48,Yes,Yes,Fiber optic,No,Yes,No,No,No,Yes,One year,Yes,Mailed check,102.59,4930.45,No
CUST0903,Male,0,No,No,72,Yes,No,DSL,No,Yes,Yes,Yes,Yes,No,Month-to-month,No,Electronic check,79.83,5774.91,Yes
CUST0904,Female,1,No,Yes,8,No,No phone service,DSL,No,Yes,No,Yes,Yes,Yes,Month-to-month,No,Bank transfer,71.51,574.83,Yes
CUST0905,Female,1,Yes,Yes,38,Yes,No,Fiber optic,No,No,No,Yes,No,No,Month-to-month,No,Electronic check,96.76,3667.55,No
CUST0906,Male,0,Yes,Yes,13,Yes,No,Fiber optic,No,Yes,Yes,No,Yes,No,Month-to-month,No,Electronic check,100.68,1302.32,Yes
CUST0907,Female,0,No,No,38,Yes,Yes,DSL,No,Yes,No,Yes,Yes,Yes,One year,Yes,Credit card,78.13,2953.3,No
CUST0908,Male,0,No,Yes,0,Yes,Yes,DSL,No,Yes,Yes,Yes,No,No,Two year,Yes,Bank transfer,74.17,0,Yes
CUST0909,Female,1,Yes,No,17,Yes,No,No,No internet service,No internet service,No internet service,No internet service,No internet service,No internet service,Month-to-month,No,Credit card,24.51,404.29,Yes
CUST0910,Female,0,No,No,8,Yes,No,DSL,No,Yes,Yes,No,No,No,Month-to-month,Yes,Mailed check,68.29,543.53,Yes
CUST0911,Female,0,No,No,3,Yes,No,DSL,No,No,Yes,Yes,Yes,Yes,Month-to-month,Yes,Credit card,77.65,219.68,Yes
CUST0912,Male,0,No,No,16,Yes,Yes,DSL,No,Yes,No,No,Yes,Yes,Month-to-month,No,Credit card,81.07,1304.83,Yes
CUST0913,Male,0,Yes,No,54,Yes,Yes,Fiber optic,No,No,No,No,Yes,No,Month-to-month,Yes,Bank transfer,99.19,5336.34,Yes
CUST0914,Female,0,No,No,38,Yes,No,DSL,No,Yes,Yes,No,Yes,Yes,Month-to-month,Yes,Mailed check,79.79,3045.29,No
CUST0915,Female,0,No,No,27,Yes,No,Fiber optic,Yes,No,Yes,No,Yes,No,Month-to-month,Yes,Credit card,94.48,2564.15,No
CUST0916,Male,1,No,No,61,No,No phone service,DSL,Yes,No,No,Yes,No,Yes,One year,Yes,Mailed check,65.33,3979.97,No
CUST0917,Male,1,No,No,37,Yes,No,DSL,Yes,No,Yes,Yes,Yes,Yes,One year,No,Electronic check,86.53,3170.02,No
CUST0918,Male,0,Yes,Yes,2,Yes,No,Fiber optic,Yes,Yes,No,No,Yes,Yes,Month-to-month,Yes,Bank transfer,105.34,244.69,Yes
CUST0919,Male,0,Yes,No,0,Yes,No,No,No internet service,No internet service,No internet service,No internet service,No internet service,No internet service,Two year,Yes,Bank transfer,34.48,0,No
CUST0920,Male,0,Yes,Yes,0,Yes,Yes,Fiber optic,Yes,No,Yes,Yes,Yes,No,Two year,No,Mailed check,110.75,4.04,Yes
CUST0921,Male,0,Yes,No,44,Yes,No,Fiber optic,Yes,No,Yes,No,Yes,No,Month-to-month,Yes,Credit card,102.42,4517.51,Yes
CUST0922,Male,0,Yes,No,5,Yes,No,DSL,No,No,Yes,Yes,No,Yes,Month-to-month,Yes,Electronic check,65.48,291.43,Yes
CUST0923,Male,0,No,No,0,Yes,No,Fiber optic,No,Yes,Yes,No,Yes,Yes,Month-to-month,Yes,Electronic check,106.96,11.64,No
CUST0924,Male,0,Yes,No,3,Yes,Yes,DSL,Yes,Yes,No,Yes,Yes,Yes,Month-to-month,Yes,Bank transfer,87.46,284.62,No
CUST0925,Female,0,No,No,13,Yes,Yes,Fiber optic,Yes,No,No,No,No,No,Two year,No,Mailed check,83.05,1057.85,No
CUST0926,Female,0,Yes,Yes,19,Yes,No,Fiber optic,No,Yes,No,Yes,Yes,No,Two year,No,Credit card,103.64,1981.01,Yes
CUST0927,Female,0,No,No,42,Yes,No,No,No internet service,No internet service,No internet service,No internet service,No internet service,No internet service,Month-to-month,Yes,Credit card,26.96,1112.16,Yes
CUST0928,Female,0,Yes,No,1,Yes,No,No,No internet service,No internet service,No internet service,No internet service,No internet service,No internet service,Month-to-month,Yes,Credit card,28.65,0,Yes
CUST0929,Male,0,Yes,No,14,Yes,No,Fiber optic,No,No,No,Yes,Yes,Yes,Month-to-month,No,Credit card,98.92,1361.32,Yes
CUST0930,Male,0,No,No,11,Yes,Yes,DSL,Yes,Yes,No,No,Yes,No,One year,Yes,Electronic check,80.61,833.2,Yes
CUST0931,Female,0,Yes,No,45,Yes,Yes,Fiber optic,No,No,Yes,Yes,No,No,Two year,Yes,Mailed check,107.85,4819.25,Yes
CUST0932,Male,0,No,Yes,72,Yes,Yes,Fiber optic,No,No,No,No,Yes,Yes,One year,Yes,Credit card,96.87,7018.57,No
CUST0933,Female,1,Yes,No,16,No,No phone service,Fiber optic,No,Yes,Yes,No,Yes,No,Month-to-month,No,Mailed check,82.81,1320.45,Yes
CUST0934,Male,0,No,No,11,Yes,Yes,No,No internet service,No internet service,No internet service,No internet service,No internet service,No internet service,Month-to-month,Yes,Credit card,32.55,355.21,Yes
CUST0935,Female,0,Yes,No,20,Yes,Yes,DSL,Yes,No,Yes,Yes,No,Yes,One year,No,Bank transfer,78.88,1562.66,Yes
CUST0936,Female,0,No,No,2,No,No phone service,DSL,No,No,Yes,No,No,Yes,Month-to-month,No,Bank transfer,56.91,87.58,Yes
CUST0937,Female,1,No,No,6,Yes,Yes,DSL,No,Yes,Yes,Yes,Yes,Yes,One year,Yes,Electronic check,80.1,468.77,Yes
CUST0938,Female,0,No,No,4,Yes,Yes,Fiber optic,Yes,Yes,Yes,No,Yes,Yes,Two year,No,Electronic check,119.29,470.27,No
CUST0939,Male,0,Yes,No,28,Yes,Yes,No,No internet service,No internet service,No internet service,No internet service,No internet service,No internet service,Month-to-month,No,Bank transfer,31.65,916.92,No
CUST0940,Female,0,No,No,55,Yes,Yes,No,No internet service,No internet service,No internet service,No internet service,No internet service,No internet service,Two year,Yes,Credit card,35.97,1946.58,No
CUST0941,Male,0,Yes,No,0,Yes,Yes,DSL,No,No,Yes,Yes,No,No,Month-to-month,No,Bank transfer,73.53,0,No
CUST0942,Female,0,Yes,Yes,25,Yes,No,No,No internet service,No internet service,No internet service,No internet service,No internet service,No internet service,Month-to-month,No,Electronic check,30.72,766.31,No
CUST0943,Female,0,Yes,Yes,34,Yes,Yes,Fiber optic,Yes,No,Yes,Yes,Yes,Yes,Month-to-month,No,Credit card,120.38,4083.12,Yes
CUST0944,Male,0,No,No,4,No,No phone service,No,No internet service,No internet service,No internet service,No internet service,No internet service,No internet service,One year,Yes,Bank transfer,18,53.49,No
CUST0945,Male,0,No,No,72,Yes,No,Fiber optic,No,Yes,Yes,Yes,Yes,No,Month-to-month,No,Credit card,108.87,7842.22,Yes
CUST0946,Male,0,No,No,29,Yes,Yes,DSL,Yes,No,No,Yes,No,Yes,Month-to-month,Yes,Credit card,83.96,2431.9,No
CUST0947,Male,0,Yes,Yes,4,Yes,Yes,Fiber optic,No,Yes,No,Yes,No,No,Month-to-month,No,Bank transfer,110.31,435.43,No
CUST0948,Male,0,Yes,No,57,Yes,No,Fiber optic,Yes,Yes,No,No,No,Yes,One year,No,Bank transfer,90.18,5149.48,Yes
CUST0949,Female,1,Yes,Yes,15,Yes,No,Fiber optic,No,Yes,No,Yes,No,Yes,One year,No,Credit card,102.84,1564.33,No
CUST0950,Female,0,Yes,Yes,38,Yes,Yes,Fiber optic,Yes,Yes,Yes,Yes,Yes,No,Month-to-month,Yes,Electronic check,112.78,4321.32,Yes
CUST0951,Male,0,No,Yes,21,Yes,Yes,No,No internet service,No internet service,No internet service,No internet service,No internet service,No internet service,Month-to-month,No,Credit card,39.45,843.24,No
CUST0952,Female,0,Yes,Yes,18,No,No phone service,No,No internet service,No internet service,No internet service,No internet service,No internet service,No internet service,Month-to-month,No,Credit card,18,293.87,No
CUST0953,Male,0,Yes,Yes,7,Yes,No,DSL,No,No,Yes,Yes,Yes,No,One year,No,Mailed check,67.56,452.41,Yes
CUST0954,Male,0,No,No,51,Yes,Yes,Fiber optic,Yes,Yes,No,No,Yes,Yes,Month-to-month,No,Credit card,114.73,5861.07,Yes
CUST0955,Female,0,Yes,Yes,45,Yes,No,Fiber optic,Yes,Yes,Yes,No,No,Yes,Two year,No,Mailed check,106.49,4825.4,No
CUST0956,Female,0,Yes,Yes,17,Yes,Yes,Fiber optic,No,Yes,Yes,Yes,Yes,Yes,One year,No,Bank transfer,117.84,2003.95,No
CUST0957,Female,0,No,No,6,Yes,No,No,No internet service,No internet service,No internet service,No internet service,No internet service,No internet service,Month-to-month,No,Credit card,28.75,165.13,No
CUST0958,Female,1,No,Yes,0,Yes,No,No,No internet service,No internet service,No internet service,No internet service,No internet service,No internet service,Month-to-month,Yes,Bank transfer,36.01,0.18,Yes
CUST0959,Female,0,No,No,47,Yes,No,Fiber optic,Yes,No,Yes,Yes,No,Yes,One year,Yes,Bank transfer,96.89,4539.87,No
CUST0960,Female,0,Yes,Yes,14,Yes,No,Fiber optic,No,Yes,Yes,Yes,No,Yes,Two year,No,Credit card,96.8,1344.24,No
CUST0961,Male,0,No,No,13,Yes,No,Fiber optic,No,No,No,No,No,Yes,Month-to-month,Yes,Bank transfer,88.12,1119.46,Yes
CUST0962,Male,0,No,No,14,Yes,No,DSL,No,No,Yes,Yes,No,Yes,Month-to-month,No,Mailed check,69.13,987.85,No
CUST0963,Female,0,Yes,No,16,Yes,No,Fiber optic,No,Yes,No,Yes,No,Yes,One year,Yes,Bank transfer,97.23,1541.27,No
CUST0964,Male,1,Yes,No,3,Yes,No,DSL,Yes,No,No,Yes,Yes,No,Month-to-month,Yes,Bank transfer,65.68,188.58,No
CUST0965,Female,0,Yes,Yes,3,Yes,No,No,No internet service,No internet service,No internet service,No internet service,No internet service,No internet service,Month-to-month,Yes,Mailed check,21.86,86.79,No
CUST0966,Female,0,Yes,No,2,Yes,Yes,DSL,Yes,No,No,Yes,No,No,Month-to-month,No,Electronic check,66.76,150.25,Yes
CUST0967,Female,0,No,No,72,Yes,No,Fiber optic,Yes,No,No,Yes,Yes,No,One year,Yes,Credit card,94.4,6781.7,No
CUST0968,Male,0,No,No,16,Yes,No,Fiber optic,Yes,No,No,Yes,No,No,Two year,Yes,Mailed check,99.87,1572.93,No
CUST0969,Female,1,No,No,17,Yes,No,No,No internet service,No internet service,No internet service,No internet service,No internet service,No internet service,Month-to-month,No,Bank transfer,35.47,586.87,Yes
CUST0970,Female,0,No,No,30,Yes,No,DSL,No,No,Yes,Yes,No,Yes,Month-to-month,Yes,Bank transfer,65.84,1964.1,No
CUST0971,Male,0,No,No,11,No,No phone service,Fiber optic,Yes,No,Yes,No,Yes,No,Month-to-month,Yes,Credit card,90.9,983.6,No
CUST0972,Female,0,Yes,Yes,13,Yes,Yes,Fiber optic,No,Yes,No,Yes,No,No,Month-to-month,No,Electronic check,96.78,1267.14,Yes
CUST0973,Male,0,Yes,Yes,72,Yes,Yes,DSL,No,Yes,Yes,Yes,No,No,Month-to-month,Yes,Credit card,77.79,5571.39,Yes
CUST0974,Male,0,Yes,Yes,17,Yes,Yes,DSL,Yes,Yes,Yes,Yes,Yes,Yes,Two year,No,Electronic check,91.16,1555.47,No
CUST0975,Female,0,No,No,7,Yes,Yes,Fiber optic,Yes,No,No,No,Yes,Yes,Two year,No,Credit card,111.67,767.21,No
CUST0976,Male,0,No,No,8,Yes,Yes,Fiber optic,Yes,Yes,Yes,Yes,Yes,Yes,Month-to-month,No,Credit card,131.75,1053.37,Yes
CUST0977,Female,0,No,No,1,Yes,Yes,Fiber optic,No,No,No,No,No,Yes,Month-to-month,No,Credit card,92.83,87.34,Yes
CUST0978,Female,0,Yes,Yes,15,Yes,No,DSL,No,Yes,No,Yes,No,Yes,Month-to-month,No,Electronic check,68.57,1051.56,No
CUST0979,Female,0,Yes,No,3,Yes,No,Fiber optic,No,Yes,Yes,No,Yes,No,Two year,No,Electronic check,106.46,293.69,No
CUST0980,Male,0,Yes,No,10,Yes,No,DSL,No,Yes,No,No,No,Yes,Month-to-month,No,Credit card,70.05,673.87,Yes
CUST0981,Female,0,Yes,No,7,Yes,Yes,Fiber optic,No,No,No,Yes,Yes,Yes,One year,Yes,Mailed check,111.45,780.51,Yes
CUST0982,Male,0,Yes,No,21,No,No phone service,DSL,No,No,Yes,Yes,Yes,Yes,One year,No,Credit card,62.85,1331.63,No
CUST0983,Male,0,Yes,No,31,No,No phone service,Fiber optic,Yes,Yes,Yes,No,No,Yes,Month-to-month,Yes,Bank transfer,92.6,2869.99,No
CUST0984,Male,0,No,Yes,5,Yes,No,Fiber optic,Yes,Yes,Yes,No,No,No,One year,No,Mailed check,106.75,534.24,No
CUST0985,Male,0,Yes,No,0,Yes,Yes,Fiber optic,Yes,Yes,Yes,Yes,Yes,Yes,One year,Yes,Bank transfer,116.42,26.19,No
CUST0986,Female,0,Yes,No,26,Yes,Yes,No,No internet service,No internet service,No internet service,No internet service,No internet service,No internet service,Month-to-month,No,Mailed check,36.62,938.69,No
CUST0987,Male,0,No,No,14,Yes,No,DSL,No,Yes,Yes,No,No,No,Two year,Yes,Electronic check,70.57,1006.76,No
CUST0988,Male,0,No,Yes,7,Yes,Yes,No,No internet service,No internet service,No internet service,No internet service,No internet service,No internet service,Month-to-month,Yes,Credit card,41.93,257.96,Yes
CUST0989,Male,1,Yes,No,10,No,No phone service,Fiber optic,Yes,Yes,No,No,No,No,One year,Yes,Mailed check,93.04,957.47,No
CUST0990,Female,0,Yes,Yes,19,No,No phone service,Fiber optic,No,No,Yes,Yes,No,No,One year,Yes,Electronic check,83.45,1593.65,Yes
CUST0991,Female,0,No,No,42,Yes,No,Fiber optic,Yes,No,Yes,Yes,Yes,No,Month-to-month,Yes,Mailed check,105.54,4424.06,No
CUST0992,Female,0,Yes,Yes,21,Yes,No,DSL,Yes,No,Yes,No,Yes,No,Month-to-month,Yes,Electronic check,69.72,1469.18,Yes
CUST0993,Male,0,No,No,22,Yes,Yes,DSL,No,No,No,No,Yes,Yes,Two year,Yes,Electronic check,65.14,1414.43,No
CUST0994,Male,0,No,No,63,Yes,Yes,No,No internet service,No internet service,No internet service,No internet service,No internet service,No internet service,One year,No,Electronic check,29.85,1891.68,No
CUST0995,Female,0,No,No,9,Yes,Yes,Fiber optic,No,No,Yes,Yes,No,Yes,Two year,No,Bank transfer,113.25,1025.74,No
CUST0996,Male,0,No,No,0,Yes,No,Fiber optic,Yes,Yes,Yes,Yes,Yes,Yes,One year,No,Electronic check,117.43,32.17,Yes
CUST0997,Male,0,Yes,Yes,21,Yes,Yes,DSL,Yes,Yes,No,Yes,No,Yes,Month-to-month,No,Bank transfer,73.36,1552.8,No
CUST0998,Male,0,No,No,33,Yes,Yes,Fiber optic,No,No,Yes,Yes,Yes,No,One year,Yes,Credit card,110.79,3652.94,No
CUST0999,Female,0,Yes,No,6,Yes,No,DSL,No,No,Yes,No,No,Yes,Month-to-month,Yes,Bank transfer,65.69,356.42,Yes
CUST1000,Female,1,No,Yes,64,No,No phone service,Fiber optic,No,Yes,Yes,Yes,Yes,No,One year,Yes,Electronic check,104.99,6699.71,Yes
